phrase_id,raag,phrase,len,idf,n_own,n_legal_raags,auc_legal,auc_legal_video,auc_twin,auc_shuffle,hit_at_fpr,med_own,med_legal,med_illegal,passes
AheerBhairav#4,AheerBhairav,n D P m G m,6,1.319,55,5,0.44,0.531,nan,0.691,0.073,3.0,1.6,3.0,False
AheerBhairav#5,AheerBhairav,G m P m r S,6,1.761,55,1,0.485,0.341,nan,0.657,0.091,3.0,3.0,3.0,False
AheerBhairav#6,AheerBhairav,",n ,D ,n r S",5,2.759,55,0,nan,nan,nan,0.735,nan,0.92,nan,1.71,False
AlhaiyaBilawal#0,AlhaiyaBilawal,G R G P,4,2.089,50,14,0.619,0.701,0.627,0.628,0.3,0.57,2.1,2.92,False
AlhaiyaBilawal#1,AlhaiyaBilawal,D n D P,4,1.495,50,11,0.526,0.597,0.513,0.605,0.2,0.38,0.5,1.37,False
AlhaiyaBilawal#3,AlhaiyaBilawal,G P D N `S,5,1.773,50,11,0.574,0.785,0.599,0.725,0.22,2.38,3.0,3.0,False
Bageshree#0,Bageshree,",n S m",3,2.742,40,19,0.62,0.72,0.625,0.7,0.25,0.81,1.75,2.0,False
Bageshree#4,Bageshree,m D n D,4,1.895,40,10,0.6,0.649,0.595,0.703,0.2,0.71,1.65,2.58,False
Bahar#1,Bahar,P m g m,4,1.592,15,11,0.555,0.568,0.6,0.609,0.067,0.82,1.36,1.4,False
Bahar#3,Bahar,m n D N `S,5,2.322,15,6,0.755,0.928,0.697,0.777,0.533,0.54,3.0,3.0,True
Bahar#6,Bahar,g m R S,4,1.529,15,8,0.506,0.586,0.48,0.544,0.133,2.43,2.22,1.71,False
Bairagi#0,Bairagi,m P n P m r,6,1.956,40,2,0.506,0.604,nan,0.576,0.1,3.0,3.0,3.0,False
Bairagi#1,Bairagi,r P m r S,5,2.787,40,3,0.564,0.646,nan,0.641,0.1,3.0,3.0,3.0,False
Bairagi#2,Bairagi,",n S r S",4,2.154,40,2,0.575,0.517,nan,0.571,0.2,0.31,0.5,1.08,False
Basant#0,Basant,M d `r `S,4,3.269,25,5,0.598,0.6,0.593,0.785,0.12,1.65,1.88,2.05,False
Basant#1,Basant,N `S `r N d P,6,2.237,25,5,0.575,0.441,0.589,0.822,0.08,1.43,1.85,1.82,False
Basant#2,Basant,G M d N M G,6,3.245,25,3,0.455,0.344,0.466,0.478,0.04,3.0,3.0,3.0,False
Basant#3,Basant,M d G M G,5,3.488,25,3,0.431,0.4,0.488,0.504,0.08,2.98,2.89,2.39,False
Basant#4,Basant,M G M G r S,6,2.275,25,6,0.527,0.522,0.53,0.715,0.2,3.0,3.0,3.0,False
Bhairav#2,Bhairav,G m d P,4,2.307,30,2,0.604,0.576,nan,0.593,0.067,0.65,0.96,1.53,False
Bhairav#3,Bhairav,G m r S,4,2.288,30,2,0.457,0.537,nan,0.747,0.067,1.27,1.09,2.03,False
Bhairavi#0,Bhairavi,g S r S,4,2.523,20,2,0.648,0.792,nan,0.566,0.25,0.58,0.83,1.28,False
Bhairavi#2,Bhairavi,d m d n `S,5,2.579,20,4,0.483,0.407,nan,0.565,0.0,3.0,3.0,3.0,False
Bhairavi#3,Bhairavi,`r `S d P g m r S,8,2.56,20,0,nan,nan,nan,0.574,nan,3.0,nan,3.0,False
Bheempalasi#0,Bheempalasi,",n S g m P",5,1.818,40,10,0.553,0.699,0.589,0.662,0.2,3.0,3.0,3.0,False
Bhoopali#3,Bhoopali,`S D P G,4,1.865,35,15,0.52,0.616,0.46,0.646,0.143,3.0,3.0,3.0,False
Bhoopali#4,Bhoopali,P G R G,4,2.013,35,14,0.522,0.776,0.564,0.541,0.257,1.27,1.88,2.58,False
Bihag#0,Bihag,",N S G",3,1.87,50,22,0.627,0.569,0.587,0.595,0.22,0.25,0.79,0.9,False
Bihag#2,Bihag,P M P G m G,6,1.956,50,2,0.551,0.627,0.551,0.811,0.14,0.55,0.62,2.07,False
Bihag#3,Bihag,P M G m G R S,7,1.897,50,2,0.519,0.582,0.519,0.789,0.2,1.96,2.07,3.0,False
Chandrakauns#0,Chandrakauns,"S g m g S ,N",6,2.173,40,5,0.701,0.772,nan,0.671,0.25,1.95,3.0,3.0,True
Chandrakauns#2,Chandrakauns,g m d N `S,5,2.375,40,2,0.586,0.722,nan,0.696,0.325,3.0,3.0,3.0,False
Chandrakauns#3,Chandrakauns,N d `S,3,2.548,40,9,0.648,0.862,nan,0.328,0.325,0.98,2.96,1.75,False
Chandrakauns#4,Chandrakauns,"N d m g m g S ,N S",9,2.26,40,2,0.644,0.812,nan,0.692,0.9,3.0,3.0,3.0,False
Charukeshi#0,Charukeshi,",d ,n S R G m G R",8,1.8,30,1,0.561,0.75,nan,0.712,0.267,3.0,3.0,3.0,False
Charukeshi#1,Charukeshi,R G m d P,5,2.236,30,1,0.463,0.4,nan,0.667,0.033,1.88,2.01,2.84,False
Charukeshi#2,Charukeshi,R G m R S,5,1.593,30,9,0.474,0.497,nan,0.602,0.033,2.29,2.32,3.0,False
DarbariKanada#0,DarbariKanada,S R g R g,5,2.369,30,10,0.603,0.624,nan,0.618,0.2,0.65,0.92,2.59,False
DarbariKanada#1,DarbariKanada,m P d P d n P,7,2.196,30,3,0.509,0.517,nan,0.551,0.133,3.0,3.0,3.0,False
DarbariKanada#2,DarbariKanada,n m P `S,4,2.64,30,18,0.509,0.405,nan,0.477,0.133,3.0,3.0,3.0,False
DarbariKanada#3,DarbariKanada,`S n d n P m P m g m R S,12,1.814,30,1,0.549,0.5,nan,0.542,0.9,3.0,3.0,3.0,False
Des#0,Des,D S m G R,5,2.483,40,8,0.517,0.471,0.543,0.598,0.075,3.0,3.0,3.0,False
Des#1,Des,"G ,N S",3,3.443,40,22,0.525,0.389,0.483,0.66,0.05,1.07,1.15,1.39,False
Des#2,Des,R m P N,4,1.565,40,13,0.541,0.577,0.56,0.567,0.2,2.83,3.0,3.0,False
Des#3,Des,`S `R n D P,5,1.89,40,9,0.542,0.578,0.568,0.578,0.175,3.0,3.0,3.0,False
Deshkar#0,Deshkar,S R G P D,5,1.855,55,12,0.566,0.664,0.469,0.654,0.145,3.0,3.0,3.0,False
Deshkar#1,Deshkar,D G P,3,3.023,55,15,0.6,0.7,0.604,0.439,0.309,2.2,3.0,3.0,False
Deshkar#3,Deshkar,P D G P,4,2.829,55,15,0.677,0.775,0.698,0.487,0.455,1.55,3.0,3.0,False
Dhani#0,Dhani,",n S g",3,1.999,50,12,0.668,0.746,nan,0.662,0.24,0.2,0.77,1.42,False
Dhani#1,Dhani,S g m P g,5,1.81,50,11,0.647,0.704,nan,0.665,0.32,2.81,3.0,3.0,False
Dhani#2,Dhani,n P g S,4,2.829,50,11,0.62,0.682,nan,0.559,0.3,3.0,3.0,3.0,False
Durga#1,Durga,"m R ,D S",4,2.815,45,15,0.502,0.61,nan,0.608,0.133,3.0,3.0,3.0,False
Hameer#0,Hameer,G m N D,4,3.374,20,9,0.725,0.587,0.682,0.708,0.0,1.31,2.83,3.0,True
Hameer#2,Hameer,G m P G m R S,7,1.526,20,9,0.513,0.623,0.481,0.576,0.1,3.0,3.0,3.0,False
HansDhwani#0,HansDhwani,",N R G P G R G P N `S",10,2.298,30,11,0.474,0.537,nan,0.623,0.767,3.0,3.0,3.0,False
HansDhwani#1,HansDhwani,`S N P G R G P G R S,10,2.215,30,11,0.515,0.602,nan,0.609,0.8,3.0,3.0,3.0,False
Hindol#0,Hindol,D N M D `S,5,3.109,30,9,0.553,0.71,nan,0.421,0.233,3.0,3.0,3.0,False
Hindol#1,Hindol,D M G,3,2.74,30,7,0.582,0.656,nan,0.555,0.3,0.88,1.68,1.38,False
Hindol#2,Hindol,"S ,D S",3,2.397,30,28,0.661,0.746,nan,nan,0.233,0.18,1.01,1.39,False
Jaijaivanti#0,Jaijaivanti,",D ,n R",3,3.477,45,9,0.625,0.736,nan,0.59,0.267,0.88,1.75,2.65,False
Jaijaivanti#1,Jaijaivanti,R g R S,4,1.99,45,10,0.495,0.462,nan,0.696,0.178,0.41,0.35,1.05,False
Jaijaivanti#3,Jaijaivanti,R m P N,4,1.565,45,13,0.523,0.457,nan,0.604,0.022,2.35,3.0,3.0,False
Jog#0,Jog,G m P n P,5,1.648,30,8,0.563,0.718,nan,0.632,0.267,3.0,3.0,3.0,False
Jog#1,Jog,P n P m G m,6,1.674,30,8,0.499,0.647,nan,0.598,0.133,3.0,3.0,3.0,False
Jog#2,Jog,G m g S,4,1.942,30,2,0.624,0.536,nan,0.646,0.1,0.75,1.44,1.38,False
Kafi#2,Kafi,m P D P,4,1.252,35,16,0.494,0.57,0.513,0.57,0.171,2.36,1.91,1.56,False
Kafi#6,Kafi,D m P g R,5,1.983,35,6,0.403,0.307,0.364,0.572,0.057,3.0,3.0,3.0,False
Kalawati#0,Kalawati,S G P D,4,2.243,15,15,0.737,0.828,nan,0.664,0.4,0.9,3.0,3.0,True
Kalawati#1,Kalawati,P D n D,4,1.686,15,11,0.711,0.731,nan,0.604,0.2,0.16,0.64,1.59,True
Kalawati#3,Kalawati,G P D S n,5,2.009,15,6,0.769,0.813,nan,0.81,0.333,1.15,3.0,3.0,True
Kalawati#7,Kalawati,P G S,3,2.991,15,24,0.67,0.851,nan,0.68,0.4,0.21,1.84,2.49,False
Kalawati#8,Kalawati,n D S,3,1.8,15,11,0.7,0.643,nan,0.541,0.267,0.07,0.42,1.39,False
KaushikDhwani#0,KaushikDhwani,G m D N D `S,6,2.139,30,9,0.566,0.546,nan,0.643,0.333,3.0,3.0,3.0,False
KaushikDhwani#1,KaushikDhwani,N `S D,3,1.966,30,19,0.478,0.383,nan,0.55,0.367,0.69,0.27,0.71,False
KaushikDhwani#3,KaushikDhwani,D m G S,4,2.43,30,10,0.454,0.536,nan,0.467,0.133,3.0,3.0,3.0,False
Kedar#2,Kedar,M P D P m,5,1.449,40,3,0.504,0.628,nan,0.578,0.15,1.39,1.44,2.26,False
Kedar#3,Kedar,S R S,3,1.387,40,26,0.54,0.622,nan,nan,0.2,0.22,0.28,0.66,False
Kedar#4,Kedar,M P D P M,5,1.632,40,6,0.499,0.501,nan,0.521,0.075,1.2,1.26,2.95,False
Kedar#6,Kedar,`S `R `S D P,5,1.846,40,21,0.519,0.559,nan,0.611,0.2,3.0,3.0,3.0,False
Keerwani#0,Keerwani,P d `S,3,2.246,20,11,0.382,0.294,nan,0.578,0.0,1.84,1.14,1.03,False
Keerwani#1,Keerwani,`S N `S `R `g `R `S N d P,10,1.804,20,1,0.46,0.4,nan,0.536,0.05,3.0,3.0,3.0,False
Keerwani#2,Keerwani,d P m P,4,1.355,20,5,0.669,0.593,nan,0.474,0.3,0.68,1.47,1.56,False
Keerwani#3,Keerwani,P m g R,4,1.584,20,8,0.541,0.399,nan,0.789,0.1,0.95,1.36,1.42,False
Keerwani#5,Keerwani,"g R S ,N ,d ,N R S",8,2.299,20,1,0.477,0.3,nan,0.537,0.95,3.0,3.0,3.0,False
Khamaj#0,Khamaj,G m P D,4,1.222,35,9,0.617,0.752,0.609,0.728,0.314,0.75,1.35,1.87,False
Khamaj#2,Khamaj,P `S N `S,4,2.086,35,25,0.401,0.34,0.347,0.694,0.029,1.4,0.94,1.13,False
Khamaj#4,Khamaj,m P m G,4,1.19,35,13,0.449,0.495,0.493,0.429,0.114,1.37,0.8,1.06,False
Lalit#0,Lalit,",N r G m M m G r S",9,2.959,45,0,nan,nan,nan,0.701,nan,3.0,nan,3.0,False
Lalit#1,Lalit,G M d N d M m,7,3.219,45,0,nan,nan,nan,0.616,nan,3.0,nan,3.0,False
Lalit#2,Lalit,`r N d M m,5,3.361,45,0,nan,nan,nan,0.734,nan,2.79,nan,2.74,False
Lalit#3,Lalit,G m M m,4,3.806,45,3,0.546,0.69,nan,0.518,0.178,0.63,0.56,1.09,False
Lalit#4,Lalit,M G r S,4,2.027,45,6,0.557,0.429,nan,0.608,0.044,1.45,1.88,1.71,False
Madhukauns#0,Madhukauns,S g M,3,2.75,45,3,0.597,0.626,nan,0.708,0.156,0.32,0.69,1.73,False
Madhukauns#1,Madhukauns,P M g M P,5,2.775,45,3,0.521,0.399,nan,0.567,0.089,0.75,1.04,3.0,False
Madhukauns#2,Madhukauns,M P n `S,4,2.049,45,0,nan,nan,nan,0.653,nan,0.66,nan,1.93,False
Madhukauns#3,Madhukauns,`S n P M,4,2.044,45,0,nan,nan,nan,0.741,nan,0.39,nan,2.22,False
Madhukauns#4,Madhukauns,g M g S,4,2.962,45,3,0.529,0.596,nan,0.511,0.133,2.57,3.0,2.96,False
Madhuvanti#0,Madhuvanti,",N S M g M P",6,3.212,50,2,0.56,0.55,nan,0.648,0.24,3.0,3.0,3.0,False
Madhuvanti#1,Madhuvanti,M g S R S,5,2.328,50,0,nan,nan,nan,0.644,nan,3.0,nan,3.0,False
Malhar#2,Malhar,g m R S,4,1.529,35,8,0.544,0.663,0.52,0.598,0.229,1.58,2.26,2.17,False
Malhar#3,Malhar,",n D ,N S",4,1.927,35,6,0.597,0.565,0.223,0.652,0.114,0.43,0.75,1.36,False
Malkauns#0,Malkauns,",d ,n S g m",5,2.053,50,3,0.572,0.673,nan,0.6,0.22,3.0,3.0,3.0,False
Malkauns#1,Malkauns,g m n d m,5,2.932,50,3,0.489,0.523,nan,0.531,0.1,3.0,3.0,3.0,False
Malkauns#3,Malkauns,`g `S n d,4,2.059,50,3,0.599,0.733,nan,0.664,0.24,1.08,2.91,2.89,False
MaruBihag#1,MaruBihag,M G R S,4,1.896,35,3,0.596,0.51,0.595,0.708,0.314,0.34,1.4,1.8,False
MaruBihag#3,MaruBihag,m G P,3,2.194,35,13,0.533,0.486,0.474,0.463,0.143,0.23,0.31,0.97,False
MaruBihag#4,MaruBihag,M G M G R S,6,2.202,35,3,0.511,0.51,0.488,0.715,0.314,3.0,2.55,3.0,False
Marwa#0,Marwa,",N ,D S ,N r",5,2.361,25,2,0.76,0.775,0.756,0.605,0.4,0.41,1.52,1.58,True
Marwa#1,Marwa,r G M D,4,2.557,25,2,0.73,0.863,0.746,0.655,0.52,1.31,3.0,2.84,True
Marwa#2,Marwa,D M G r,4,2.602,25,2,0.688,0.975,0.692,0.616,0.48,2.58,3.0,3.0,False
Marwa#3,Marwa,",N ,D r S",4,3.415,25,2,0.724,0.7,0.684,0.431,0.24,0.66,1.4,1.48,False
Multani#2,Multani,M g P,3,3.508,30,3,0.698,0.597,0.778,0.408,0.233,0.18,0.99,1.55,False
Multani#3,Multani,M g M g r S,6,2.844,30,1,0.658,0.972,0.658,0.677,0.933,3.0,3.0,3.0,False
Pilu#0,Pilu,G m P N `S,5,1.342,25,10,0.306,0.264,nan,0.604,0.0,3.0,2.1,3.0,False
Pilu#2,Pilu,m P N d P,5,2.071,25,2,0.59,0.66,nan,0.686,0.12,2.12,3.0,3.0,False
Pilu#4,Pilu,"P g R S ,N",5,1.701,25,5,0.433,0.336,nan,0.593,0.12,3.0,3.0,3.0,False
Pilu#5,Pilu,S g R S,4,2.242,25,10,0.512,0.778,nan,0.7,0.2,1.32,1.0,1.4,False
PuriyaDhanashri#0,PuriyaDhanashri,",N r G M P",5,2.584,35,3,0.588,0.619,0.578,0.794,0.086,1.85,2.7,3.0,False
PuriyaDhanashri#1,PuriyaDhanashri,P M G M r G,6,2.895,35,3,0.582,0.643,0.576,0.482,0.257,3.0,3.0,3.0,False
PuriyaDhanashri#2,PuriyaDhanashri,M d P,3,2.827,35,4,0.455,0.519,0.48,0.479,0.2,0.44,0.28,0.58,False
PuriyaDhanashri#3,PuriyaDhanashri,M d N `S,4,2.291,35,5,0.466,0.396,0.478,0.677,0.057,1.81,1.49,1.6,False
PuriyaDhanashri#6,PuriyaDhanashri,P d P M G M r G,8,2.712,35,2,0.612,0.668,0.612,0.585,0.229,3.0,3.0,3.0,False
PuriyaKalyan#0,PuriyaKalyan,",N r G M P M r G r S",10,2.719,35,3,0.46,0.395,nan,0.684,0.029,3.0,3.0,3.0,False
PuriyaKalyan#1,PuriyaKalyan,M D P,3,2.351,35,6,0.426,0.585,nan,0.467,0.086,2.57,0.53,1.07,False
PuriyaKalyan#2,PuriyaKalyan,M D N `S,4,1.985,35,9,0.458,0.537,nan,0.662,0.086,1.75,1.3,1.58,False
Sarang#2,Sarang,"m R ,N S",4,2.601,50,13,0.583,0.657,nan,0.562,0.24,0.86,1.46,1.73,False
Sarang#3,Sarang,"m P n P m R ,N S",8,2.087,50,7,0.488,0.608,nan,0.614,0.84,3.0,3.0,3.0,False
Shankara#0,Shankara,G P N D `S N,6,2.361,70,11,0.537,0.539,nan,0.631,0.143,3.0,3.0,3.0,False
Shankara#1,Shankara,D P G P,4,2.233,70,15,0.54,0.614,nan,0.606,0.143,2.7,2.88,2.85,False
Shankara#2,Shankara,R G R S,4,1.819,70,14,0.419,0.463,nan,0.578,0.114,1.9,1.07,1.53,False
Shivranjani#0,Shivranjani,R g P,3,3.277,25,10,0.626,0.845,nan,0.646,0.44,0.75,1.47,1.93,False
Shivranjani#1,Shivranjani,D P g R,4,2.128,25,8,0.557,0.746,nan,0.757,0.16,1.66,2.81,3.0,False
Shivranjani#2,Shivranjani,g S R D S,5,2.567,25,8,0.447,0.535,nan,0.526,0.08,3.0,3.0,3.0,False
Shree#0,Shree,"S ,N r",3,2.48,45,9,0.581,0.569,0.589,0.488,0.267,0.08,0.21,0.66,False
Shree#2,Shree,M P d M G r G r S,9,2.663,45,2,0.623,0.833,0.623,0.729,0.911,3.0,3.0,3.0,False
Shree#3,Shree,M P N `S `r,5,1.903,45,5,0.51,0.667,0.466,0.762,0.222,1.9,1.68,1.98,False
Shree#4,Shree,`r N d P,4,2.334,45,5,0.459,0.515,0.439,0.71,0.178,1.83,1.48,1.8,False
Shree#5,Shree,M d M G r,5,2.983,45,3,0.664,0.831,0.658,0.734,0.422,1.5,3.0,3.0,False
Sohani#0,Sohani,M D N `S `r `S,6,2.118,45,2,0.474,0.384,0.375,0.629,0.044,2.49,2.54,2.25,False
Sohani#1,Sohani,N D N D,4,2.474,45,19,0.45,0.498,0.339,0.509,0.067,1.94,1.34,1.44,False
Sohani#2,Sohani,`S `r `S `r N `S N D G M G,11,2.624,45,2,0.489,0.583,0.426,0.688,0.133,3.0,3.0,3.0,False
TilakKamod#0,TilakKamod,",P ,N S R G S",6,1.933,20,11,0.564,0.575,nan,0.559,0.25,3.0,3.0,3.0,False
TilakKamod#1,TilakKamod,R P m G,4,1.714,20,9,0.432,0.271,nan,0.485,0.0,2.97,2.75,3.0,False
TilakKamod#2,TilakKamod,"S R G S ,N",5,2.147,20,11,0.697,0.825,nan,0.683,0.4,1.15,2.5,2.9,False
TilakKamod#3,TilakKamod,S R m P `S,5,1.683,20,19,0.561,0.794,nan,0.581,0.2,3.0,3.0,3.0,False
TilakKamod#4,TilakKamod,`S `R `G `S,4,2.029,20,14,0.671,0.7,nan,0.65,0.3,0.59,2.33,1.95,False
TilakKamod#5,TilakKamod,`S P D m G,5,2.321,20,9,0.511,0.694,nan,0.543,0.15,3.0,3.0,3.0,False
TilakKamod#6,TilakKamod,S R m G,4,1.794,20,9,0.665,0.795,nan,0.726,0.35,0.68,1.21,1.32,False
TilakKamod#7,TilakKamod,"S R G S ,N",5,2.147,20,11,0.697,0.825,nan,0.639,0.4,1.15,2.5,2.16,False
Tilang#0,Tilang,G m P n P m G,7,1.538,20,8,0.45,0.51,nan,0.598,0.1,3.0,3.0,3.0,False
Tilang#1,Tilang,n P G m G,5,2.148,20,8,0.688,0.804,nan,0.811,0.5,0.18,1.98,2.49,False
Todi#0,Todi,",N S r g",4,2.146,30,1,0.555,0.736,0.555,0.604,0.267,0.74,0.83,0.9,False
Todi#1,Todi,M r g,3,3.655,30,1,0.422,0.611,0.422,0.51,0.2,2.46,1.9,1.83,False
Vibhas#0,Vibhas,P d P,3,2.134,40,11,0.495,0.357,nan,nan,0.35,0.27,0.17,0.64,False
Vibhas#1,Vibhas,G P G r S,5,2.256,40,6,0.551,0.694,nan,0.628,0.225,3.0,3.0,3.0,False
Yaman#0,Yaman,",N R G",3,2.664,35,11,0.543,0.786,nan,0.617,0.229,0.65,1.02,1.26,False
Yaman#1,Yaman,",N R M G",4,3.495,35,3,0.412,0.401,nan,0.525,0.086,2.75,1.78,2.1,False
Yaman#3,Yaman,M D P N D P M R G R,10,2.507,35,3,0.428,0.49,nan,0.55,0.714,3.0,3.0,3.0,False
Yaman#4,Yaman,",N R ,D ,N S",5,2.86,35,14,0.516,0.648,nan,0.446,0.171,3.0,3.0,3.0,False
