Cycle_ID,Raag_Name,Notes
1,malkauns,"S,g,m,d,n"
1,chandrakauns,"S,g,m,d,N"
1,girija,"S,G,m,d,N"
1,bhinna shadja,"S,G,m,D,N"
1,hindol,"S,G,M,D,N"
1,amritavarshini,"S,G,M,P,N"
1,marukauns,"S,G,M,P,n"
1,devashree,"S,R,M,P,n"
1,megh,"S,R,m,P,n"
1,bairagi,"S,r,m,P,n"
1,dhani,"S,g,m,P,n"
2,vibhas,"S,r,G,P,d"
2,prateeksha,"S,R,G,P,d"
2,hansadhwani,"S,R,G,P,N"
2,bhoop / deshkar,"S,R,G,P,D"
2,durga,"S,R,m,P,D"
2,megh,"S,R,m,P,n"
2,devashree,"S,R,M,P,n"
2,madhukauns,"S,g,M,P,n"
2,dhani,"S,g,m,P,n"
2,bairagi,"S,r,m,P,n"
2,gunakali,"S,r,m,P,d"
3,malkauns,"S,g,m,d,n"
3,chandrakauns,"S,g,m,d,N"
3,girija,"S,G,m,d,N"
3,bhinna shadja,"S,G,m,D,N"
3,hindol,"S,G,M,D,N"
3,amritavarshini,"S,G,M,P,N"
3,marukauns,"S,G,M,P,n"
3,madhukauns,"S,g,M,P,n"
3,devashree,"S,R,M,P,n"
3,megh,"S,R,m,P,n"
3,bairagi,"S,r,m,P,n"
3,dhani,"S,g,m,P,n"
4,bairagi todi,"S,r,g,P,n"
4,bhoopal todi,"S,r,g,P,d"
4,vibhas,"S,r,G,P,d"
4,prateeksha,"S,R,G,P,d"
4,hansadhwani,"S,R,G,P,N"
4,bhoop / deshkar,"S,R,G,P,D"
4,durga,"S,R,m,P,D"
4,megh,"S,R,m,P,n"
4,devashree,"S,R,M,P,n"
4,madhukauns,"S,g,M,P,n"
4,dhani,"S,g,m,P,n"
4,bairagi,"S,r,m,P,n"
5,bhoopal todi,"S,r,g,P,d"
5,vibhas,"S,r,G,P,d"
5,prateeksha,"S,R,G,P,d"
5,hansadhwani,"S,R,G,P,N"
5,bhoop / deshkar,"S,R,G,P,D"
5,durga,"S,R,m,P,D"
5,megh,"S,R,m,P,n"
5,devashree,"S,R,M,P,n"
5,madhukauns,"S,g,M,P,n"
5,dhani,"S,g,m,P,n"
5,bairagi,"S,r,m,P,n"
5,gunakali,"S,r,m,P,d"
6,vibhas,"S,r,G,P,d"
6,prateeksha,"S,R,G,P,d"
6,hansadhwani,"S,R,G,P,N"
6,bhoop / deshkar,"S,R,G,P,D"
6,shivaranjani,"S,R,g,P,D"
6,durga,"S,R,m,P,D"
6,megh,"S,R,m,P,n"
6,devashree,"S,R,M,P,n"
6,madhukauns,"S,g,M,P,n"
6,dhani,"S,g,m,P,n"
6,bairagi,"S,r,m,P,n"
6,gunakali,"S,r,m,P,d"
7,vibhas,"S,r,G,P,d"
7,prateeksha,"S,R,G,P,d"
7,hansadhwani,"S,R,G,P,N"
7,bhoop / deshkar,"S,R,G,P,D"
7,durga,"S,R,m,P,D"
7,megh,"S,R,m,P,n"
7,devashree,"S,R,M,P,n"
7,madhukauns,"S,g,M,P,n"
7,dhani,"S,g,m,P,n"
7,bairagi,"S,r,m,P,n"
7,manoranjani,"S,r,m,P,D"
7,gunakali,"S,r,m,P,d"
8,vibhas,"S,r,G,P,d"
8,prateeksha,"S,R,G,P,d"
8,hansadhwani,"S,R,G,P,N"
8,bhoop / deshkar,"S,R,G,P,D"
8,durga,"S,R,m,P,D"
8,megh,"S,R,m,P,n"
8,devashree,"S,R,M,P,n"
8,marukauns,"S,G,M,P,n"
8,madhukauns,"S,g,M,P,n"
8,dhani,"S,g,m,P,n"
8,bairagi,"S,r,m,P,n"
8,gunakali,"S,r,m,P,d"
9,malkauns,"S,g,m,d,n"
9,chandrakauns,"S,g,m,d,N"
9,girija,"S,G,m,d,N"
9,bhinna shadja,"S,G,m,D,N"
9,hindol,"S,G,M,D,N"
9,amritavarshini,"S,G,M,P,N"
9,marukauns,"S,G,M,P,n"
9,devashree,"S,R,M,P,n"
9,megh,"S,R,m,P,n"
9,durga,"S,R,m,P,D"
9,manoranjani,"S,r,m,P,D"
9,bairagi,"S,r,m,P,n"
9,dhani,"S,g,m,P,n"
10,bairagi todi,"S,r,g,P,n"
10,bhoopal todi,"S,r,g,P,d"
10,vibhas,"S,r,G,P,d"
10,prateeksha,"S,R,G,P,d"
10,hansadhwani,"S,R,G,P,N"
10,bhoop / deshkar,"S,R,G,P,D"
10,shivaranjani,"S,R,g,P,D"
10,durga,"S,R,m,P,D"
10,megh,"S,R,m,P,n"
10,devashree,"S,R,M,P,n"
10,madhukauns,"S,g,M,P,n"
10,dhani,"S,g,m,P,n"
10,bairagi,"S,r,m,P,n"
11,bairagi todi,"S,r,g,P,n"
11,bhoopal todi,"S,r,g,P,d"
11,vibhas,"S,r,G,P,d"
11,prateeksha,"S,R,G,P,d"
11,hansadhwani,"S,R,G,P,N"
11,bhoop / deshkar,"S,R,G,P,D"
11,durga,"S,R,m,P,D"
11,megh,"S,R,m,P,n"
11,devashree,"S,R,M,P,n"
11,marukauns,"S,G,M,P,n"
11,madhukauns,"S,g,M,P,n"
11,dhani,"S,g,m,P,n"
11,bairagi,"S,r,m,P,n"
12,bairagi todi,"S,r,g,P,n"
12,bhoopal todi,"S,r,g,P,d"
12,gunakali,"S,r,m,P,d"
12,vibhas,"S,r,G,P,d"
12,prateeksha,"S,R,G,P,d"
12,hansadhwani,"S,R,G,P,N"
12,bhoop / deshkar,"S,R,G,P,D"
12,durga,"S,R,m,P,D"
12,megh,"S,R,m,P,n"
12,devashree,"S,R,M,P,n"
12,madhukauns,"S,g,M,P,n"
12,dhani,"S,g,m,P,n"
12,bairagi,"S,r,m,P,n"
13,bhoopal todi,"S,r,g,P,d"
13,vibhas,"S,r,G,P,d"
13,prateeksha,"S,R,G,P,d"
13,hansadhwani,"S,R,G,P,N"
13,bhoop / deshkar,"S,R,G,P,D"
13,shivaranjani,"S,R,g,P,D"
13,durga,"S,R,m,P,D"
13,megh,"S,R,m,P,n"
13,devashree,"S,R,M,P,n"
13,madhukauns,"S,g,M,P,n"
13,dhani,"S,g,m,P,n"
13,bairagi,"S,r,m,P,n"
13,gunakali,"S,r,m,P,d"
14,bhoopal todi,"S,r,g,P,d"
14,vibhas,"S,r,G,P,d"
14,prateeksha,"S,R,G,P,d"
14,hansadhwani,"S,R,G,P,N"
14,bhoop / deshkar,"S,R,G,P,D"
14,durga,"S,R,m,P,D"
14,megh,"S,R,m,P,n"
14,devashree,"S,R,M,P,n"
14,madhukauns,"S,g,M,P,n"
14,dhani,"S,g,m,P,n"
14,bairagi,"S,r,m,P,n"
14,manoranjani,"S,r,m,P,D"
14,gunakali,"S,r,m,P,d"
15,bhoopal todi,"S,r,g,P,d"
15,vibhas,"S,r,G,P,d"
15,prateeksha,"S,R,G,P,d"
15,hansadhwani,"S,R,G,P,N"
15,bhoop / deshkar,"S,R,G,P,D"
15,durga,"S,R,m,P,D"
15,megh,"S,R,m,P,n"
15,devashree,"S,R,M,P,n"
15,marukauns,"S,G,M,P,n"
15,madhukauns,"S,g,M,P,n"
15,dhani,"S,g,m,P,n"
15,bairagi,"S,r,m,P,n"
15,gunakali,"S,r,m,P,d"
16,vibhas,"S,r,G,P,d"
16,prateeksha,"S,R,G,P,d"
16,hansadhwani,"S,R,G,P,N"
16,bhoop / deshkar,"S,R,G,P,D"
16,shivaranjani,"S,R,g,P,D"
16,durga,"S,R,m,P,D"
16,megh,"S,R,m,P,n"
16,devashree,"S,R,M,P,n"
16,madhukauns,"S,g,M,P,n"
16,dhani,"S,g,m,P,n"
16,bairagi,"S,r,m,P,n"
16,manoranjani,"S,r,m,P,D"
16,gunakali,"S,r,m,P,d"
17,vibhas,"S,r,G,P,d"
17,prateeksha,"S,R,G,P,d"
17,hansadhwani,"S,R,G,P,N"
17,bhoop / deshkar,"S,R,G,P,D"
17,shivaranjani,"S,R,g,P,D"
17,durga,"S,R,m,P,D"
17,megh,"S,R,m,P,n"
17,devashree,"S,R,M,P,n"
17,marukauns,"S,G,M,P,n"
17,madhukauns,"S,g,M,P,n"
17,dhani,"S,g,m,P,n"
17,bairagi,"S,r,m,P,n"
17,gunakali,"S,r,m,P,d"
18,vibhas,"S,r,G,P,d"
18,prateeksha,"S,R,G,P,d"
18,hansadhwani,"S,R,G,P,N"
18,bhoop / deshkar,"S,R,G,P,D"
18,durga,"S,R,m,P,D"
18,megh,"S,R,m,P,n"
18,devashree,"S,R,M,P,n"
18,marukauns,"S,G,M,P,n"
18,madhukauns,"S,g,M,P,n"
18,dhani,"S,g,m,P,n"
18,bairagi,"S,r,m,P,n"
18,manoranjani,"S,r,m,P,D"
18,gunakali,"S,r,m,P,d"
19,malkauns,"S,g,m,d,n"
19,chandrakauns,"S,g,m,d,N"
19,girija,"S,G,m,d,N"
19,bhinna shadja,"S,G,m,D,N"
19,hindol,"S,G,M,D,N"
19,amritavarshini,"S,G,M,P,N"
19,marukauns,"S,G,M,P,n"
19,devashree,"S,R,M,P,n"
19,megh,"S,R,m,P,n"
19,durga,"S,R,m,P,D"
19,manoranjani,"S,r,m,P,D"
19,gunakali,"S,r,m,P,d"
19,bairagi,"S,r,m,P,n"
19,dhani,"S,g,m,P,n"
20,malkauns,"S,g,m,d,n"
20,chandrakauns,"S,g,m,d,N"
20,girija,"S,G,m,d,N"
20,bhinna shadja,"S,G,m,D,N"
20,hindol,"S,G,M,D,N"
20,amritavarshini,"S,G,M,P,N"
20,marukauns,"S,G,M,P,n"
20,madhukauns,"S,g,M,P,n"
20,devashree,"S,R,M,P,n"
20,megh,"S,R,m,P,n"
20,durga,"S,R,m,P,D"
20,manoranjani,"S,r,m,P,D"
20,bairagi,"S,r,m,P,n"
20,dhani,"S,g,m,P,n"
21,bairagi todi,"S,r,g,P,n"
21,bhoopal todi,"S,r,g,P,d"
21,vibhas,"S,r,G,P,d"
21,prateeksha,"S,R,G,P,d"
21,hansadhwani,"S,R,G,P,N"
21,bhoop / deshkar,"S,R,G,P,D"
21,shivaranjani,"S,R,g,P,D"
21,durga,"S,R,m,P,D"
21,megh,"S,R,m,P,n"
21,devashree,"S,R,M,P,n"
21,marukauns,"S,G,M,P,n"
21,madhukauns,"S,g,M,P,n"
21,dhani,"S,g,m,P,n"
21,bairagi,"S,r,m,P,n"
22,bairagi todi,"S,r,g,P,n"
22,bhoopal todi,"S,r,g,P,d"
22,gunakali,"S,r,m,P,d"
22,vibhas,"S,r,G,P,d"
22,prateeksha,"S,R,G,P,d"
22,hansadhwani,"S,R,G,P,N"
22,bhoop / deshkar,"S,R,G,P,D"
22,shivaranjani,"S,R,g,P,D"
22,durga,"S,R,m,P,D"
22,megh,"S,R,m,P,n"
22,devashree,"S,R,M,P,n"
22,madhukauns,"S,g,M,P,n"
22,dhani,"S,g,m,P,n"
22,bairagi,"S,r,m,P,n"
23,bairagi todi,"S,r,g,P,n"
23,bhoopal todi,"S,r,g,P,d"
23,gunakali,"S,r,m,P,d"
23,vibhas,"S,r,G,P,d"
23,prateeksha,"S,R,G,P,d"
23,hansadhwani,"S,R,G,P,N"
23,bhoop / deshkar,"S,R,G,P,D"
23,durga,"S,R,m,P,D"
23,megh,"S,R,m,P,n"
23,devashree,"S,R,M,P,n"
23,marukauns,"S,G,M,P,n"
23,madhukauns,"S,g,M,P,n"
23,dhani,"S,g,m,P,n"
23,bairagi,"S,r,m,P,n"
24,bhoopal todi,"S,r,g,P,d"
24,vibhas,"S,r,G,P,d"
24,prateeksha,"S,R,G,P,d"
24,hansadhwani,"S,R,G,P,N"
24,bhoop / deshkar,"S,R,G,P,D"
24,shivaranjani,"S,R,g,P,D"
24,durga,"S,R,m,P,D"
24,megh,"S,R,m,P,n"
24,devashree,"S,R,M,P,n"
24,madhukauns,"S,g,M,P,n"
24,dhani,"S,g,m,P,n"
24,bairagi,"S,r,m,P,n"
24,manoranjani,"S,r,m,P,D"
24,gunakali,"S,r,m,P,d"
25,bhoopal todi,"S,r,g,P,d"
25,vibhas,"S,r,G,P,d"
25,prateeksha,"S,R,G,P,d"
25,hansadhwani,"S,R,G,P,N"
25,bhoop / deshkar,"S,R,G,P,D"
25,shivaranjani,"S,R,g,P,D"
25,durga,"S,R,m,P,D"
25,megh,"S,R,m,P,n"
25,devashree,"S,R,M,P,n"
25,marukauns,"S,G,M,P,n"
25,madhukauns,"S,g,M,P,n"
25,dhani,"S,g,m,P,n"
25,bairagi,"S,r,m,P,n"
25,gunakali,"S,r,m,P,d"
26,bhoopal todi,"S,r,g,P,d"
26,vibhas,"S,r,G,P,d"
26,prateeksha,"S,R,G,P,d"
26,hansadhwani,"S,R,G,P,N"
26,bhoop / deshkar,"S,R,G,P,D"
26,durga,"S,R,m,P,D"
26,megh,"S,R,m,P,n"
26,devashree,"S,R,M,P,n"
26,marukauns,"S,G,M,P,n"
26,madhukauns,"S,g,M,P,n"
26,dhani,"S,g,m,P,n"
26,bairagi,"S,r,m,P,n"
26,manoranjani,"S,r,m,P,D"
26,gunakali,"S,r,m,P,d"
27,vibhas,"S,r,G,P,d"
27,prateeksha,"S,R,G,P,d"
27,hansadhwani,"S,R,G,P,N"
27,bhoop / deshkar,"S,R,G,P,D"
27,shivaranjani,"S,R,g,P,D"
27,durga,"S,R,m,P,D"
27,megh,"S,R,m,P,n"
27,devashree,"S,R,M,P,n"
27,marukauns,"S,G,M,P,n"
27,madhukauns,"S,g,M,P,n"
27,dhani,"S,g,m,P,n"
27,bairagi,"S,r,m,P,n"
27,manoranjani,"S,r,m,P,D"
27,gunakali,"S,r,m,P,d"
28,malkauns,"S,g,m,d,n"
28,chandrakauns,"S,g,m,d,N"
28,girija,"S,G,m,d,N"
28,bhinna shadja,"S,G,m,D,N"
28,hindol,"S,G,M,D,N"
28,amritavarshini,"S,G,M,P,N"
28,marukauns,"S,G,M,P,n"
28,madhukauns,"S,g,M,P,n"
28,devashree,"S,R,M,P,n"
28,megh,"S,R,m,P,n"
28,durga,"S,R,m,P,D"
28,manoranjani,"S,r,m,P,D"
28,gunakali,"S,r,m,P,d"
28,bairagi,"S,r,m,P,n"
28,dhani,"S,g,m,P,n"
29,bairagi todi,"S,r,g,P,n"
29,bhoopal todi,"S,r,g,P,d"
29,gunakali,"S,r,m,P,d"
29,vibhas,"S,r,G,P,d"
29,prateeksha,"S,R,G,P,d"
29,hansadhwani,"S,R,G,P,N"
29,bhoop / deshkar,"S,R,G,P,D"
29,shivaranjani,"S,R,g,P,D"
29,durga,"S,R,m,P,D"
29,megh,"S,R,m,P,n"
29,devashree,"S,R,M,P,n"
29,marukauns,"S,G,M,P,n"
29,madhukauns,"S,g,M,P,n"
29,dhani,"S,g,m,P,n"
29,bairagi,"S,r,m,P,n"
30,bhoopal todi,"S,r,g,P,d"
30,vibhas,"S,r,G,P,d"
30,prateeksha,"S,R,G,P,d"
30,hansadhwani,"S,R,G,P,N"
30,bhoop / deshkar,"S,R,G,P,D"
30,shivaranjani,"S,R,g,P,D"
30,durga,"S,R,m,P,D"
30,megh,"S,R,m,P,n"
30,devashree,"S,R,M,P,n"
30,marukauns,"S,G,M,P,n"
30,madhukauns,"S,g,M,P,n"
30,dhani,"S,g,m,P,n"
30,bairagi,"S,r,m,P,n"
30,manoranjani,"S,r,m,P,D"
30,gunakali,"S,r,m,P,d"
31,malkauns,"S,g,m,d,n"
31,chandrakauns,"S,g,m,d,N"
31,girija,"S,G,m,d,N"
31,bhinna shadja,"S,G,m,D,N"
31,hindol,"S,G,M,D,N"
31,amritavarshini,"S,G,M,P,N"
31,marukauns,"S,G,M,P,n"
31,devashree,"S,R,M,P,n"
31,megh,"S,R,m,P,n"
31,durga,"S,R,m,P,D"
31,bhoop / deshkar,"S,R,G,P,D"
31,prateeksha,"S,R,G,P,d"
31,vibhas,"S,r,G,P,d"
31,gunakali,"S,r,m,P,d"
31,bairagi,"S,r,m,P,n"
31,dhani,"S,g,m,P,n"
32,malkauns,"S,g,m,d,n"
32,chandrakauns,"S,g,m,d,N"
32,girija,"S,G,m,d,N"
32,bhinna shadja,"S,G,m,D,N"
32,hindol,"S,G,M,D,N"
32,amritavarshini,"S,G,M,P,N"
32,marukauns,"S,G,M,P,n"
32,devashree,"S,R,M,P,n"
32,megh,"S,R,m,P,n"
32,durga,"S,R,m,P,D"
32,manoranjani,"S,r,m,P,D"
32,gunakali,"S,r,m,P,d"
32,bhoopal todi,"S,r,g,P,d"
32,bairagi todi,"S,r,g,P,n"
32,bairagi,"S,r,m,P,n"
32,dhani,"S,g,m,P,n"
33,malkauns,"S,g,m,d,n"
33,chandrakauns,"S,g,m,d,N"
33,girija,"S,G,m,d,N"
33,bhinna shadja,"S,G,m,D,N"
33,hindol,"S,G,M,D,N"
33,amritavarshini,"S,G,M,P,N"
33,marukauns,"S,G,M,P,n"
33,devashree,"S,R,M,P,n"
33,megh,"S,R,m,P,n"
33,durga,"S,R,m,P,D"
33,shivaranjani,"S,R,g,P,D"
33,bhoop / deshkar,"S,R,G,P,D"
33,prateeksha,"S,R,G,P,d"
33,vibhas,"S,r,G,P,d"
33,gunakali,"S,r,m,P,d"
33,bairagi,"S,r,m,P,n"
33,dhani,"S,g,m,P,n"
34,malkauns,"S,g,m,d,n"
34,chandrakauns,"S,g,m,d,N"
34,girija,"S,G,m,d,N"
34,bhinna shadja,"S,G,m,D,N"
34,hindol,"S,G,M,D,N"
34,amritavarshini,"S,G,M,P,N"
34,marukauns,"S,G,M,P,n"
34,devashree,"S,R,M,P,n"
34,megh,"S,R,m,P,n"
34,durga,"S,R,m,P,D"
34,bhoop / deshkar,"S,R,G,P,D"
34,prateeksha,"S,R,G,P,d"
34,vibhas,"S,r,G,P,d"
34,bhoopal todi,"S,r,g,P,d"
34,bairagi todi,"S,r,g,P,n"
34,bairagi,"S,r,m,P,n"
34,dhani,"S,g,m,P,n"
35,malkauns,"S,g,m,d,n"
35,chandrakauns,"S,g,m,d,N"
35,girija,"S,G,m,d,N"
35,bhinna shadja,"S,G,m,D,N"
35,hindol,"S,G,M,D,N"
35,amritavarshini,"S,G,M,P,N"
35,marukauns,"S,G,M,P,n"
35,devashree,"S,R,M,P,n"
35,megh,"S,R,m,P,n"
35,durga,"S,R,m,P,D"
35,bhoop / deshkar,"S,R,G,P,D"
35,prateeksha,"S,R,G,P,d"
35,vibhas,"S,r,G,P,d"
35,bhoopal todi,"S,r,g,P,d"
35,gunakali,"S,r,m,P,d"
35,bairagi,"S,r,m,P,n"
35,dhani,"S,g,m,P,n"
36,malkauns,"S,g,m,d,n"
36,chandrakauns,"S,g,m,d,N"
36,girija,"S,G,m,d,N"
36,bhinna shadja,"S,G,m,D,N"
36,hindol,"S,G,M,D,N"
36,amritavarshini,"S,G,M,P,N"
36,marukauns,"S,G,M,P,n"
36,devashree,"S,R,M,P,n"
36,megh,"S,R,m,P,n"
36,durga,"S,R,m,P,D"
36,bhoop / deshkar,"S,R,G,P,D"
36,prateeksha,"S,R,G,P,d"
36,vibhas,"S,r,G,P,d"
36,gunakali,"S,r,m,P,d"
36,manoranjani,"S,r,m,P,D"
36,bairagi,"S,r,m,P,n"
36,dhani,"S,g,m,P,n"
37,malkauns,"S,g,m,d,n"
37,chandrakauns,"S,g,m,d,N"
37,girija,"S,G,m,d,N"
37,bhinna shadja,"S,G,m,D,N"
37,hindol,"S,G,M,D,N"
37,amritavarshini,"S,G,M,P,N"
37,marukauns,"S,G,M,P,n"
37,devashree,"S,R,M,P,n"
37,megh,"S,R,m,P,n"
37,durga,"S,R,m,P,D"
37,bhoop / deshkar,"S,R,G,P,D"
37,hansadhwani,"S,R,G,P,N"
37,prateeksha,"S,R,G,P,d"
37,vibhas,"S,r,G,P,d"
37,gunakali,"S,r,m,P,d"
37,bairagi,"S,r,m,P,n"
37,dhani,"S,g,m,P,n"
38,malkauns,"S,g,m,d,n"
38,chandrakauns,"S,g,m,d,N"
38,girija,"S,G,m,d,N"
38,bhinna shadja,"S,G,m,D,N"
38,hindol,"S,G,M,D,N"
38,amritavarshini,"S,G,M,P,N"
38,marukauns,"S,G,M,P,n"
38,devashree,"S,R,M,P,n"
38,megh,"S,R,m,P,n"
38,durga,"S,R,m,P,D"
38,manoranjani,"S,r,m,P,D"
38,gunakali,"S,r,m,P,d"
38,vibhas,"S,r,G,P,d"
38,bhoopal todi,"S,r,g,P,d"
38,bairagi todi,"S,r,g,P,n"
38,bairagi,"S,r,m,P,n"
38,dhani,"S,g,m,P,n"
39,malkauns,"S,g,m,d,n"
39,chandrakauns,"S,g,m,d,N"
39,girija,"S,G,m,d,N"
39,bhinna shadja,"S,G,m,D,N"
39,hindol,"S,G,M,D,N"
39,amritavarshini,"S,G,M,P,N"
39,marukauns,"S,G,M,P,n"
39,madhukauns,"S,g,M,P,n"
39,devashree,"S,R,M,P,n"
39,megh,"S,R,m,P,n"
39,durga,"S,R,m,P,D"
39,bhoop / deshkar,"S,R,G,P,D"
39,prateeksha,"S,R,G,P,d"
39,vibhas,"S,r,G,P,d"
39,gunakali,"S,r,m,P,d"
39,bairagi,"S,r,m,P,n"
39,dhani,"S,g,m,P,n"
40,malkauns,"S,g,m,d,n"
40,chandrakauns,"S,g,m,d,N"
40,girija,"S,G,m,d,N"
40,bhinna shadja,"S,G,m,D,N"
40,hindol,"S,G,M,D,N"
40,amritavarshini,"S,G,M,P,N"
40,marukauns,"S,G,M,P,n"
40,madhukauns,"S,g,M,P,n"
40,devashree,"S,R,M,P,n"
40,megh,"S,R,m,P,n"
40,durga,"S,R,m,P,D"
40,manoranjani,"S,r,m,P,D"
40,gunakali,"S,r,m,P,d"
40,bhoopal todi,"S,r,g,P,d"
40,bairagi todi,"S,r,g,P,n"
40,bairagi,"S,r,m,P,n"
40,dhani,"S,g,m,P,n"
41,malkauns,"S,g,m,d,n"
41,chandrakauns,"S,g,m,d,N"
41,girija,"S,G,m,d,N"
41,bhinna shadja,"S,G,m,D,N"
41,hindol,"S,G,M,D,N"
41,amritavarshini,"S,G,M,P,N"
41,marukauns,"S,G,M,P,n"
41,devashree,"S,R,M,P,n"
41,megh,"S,R,m,P,n"
41,durga,"S,R,m,P,D"
41,shivaranjani,"S,R,g,P,D"
41,bhoop / deshkar,"S,R,G,P,D"
41,prateeksha,"S,R,G,P,d"
41,vibhas,"S,r,G,P,d"
41,bhoopal todi,"S,r,g,P,d"
41,bairagi todi,"S,r,g,P,n"
41,bairagi,"S,r,m,P,n"
41,dhani,"S,g,m,P,n"
42,malkauns,"S,g,m,d,n"
42,chandrakauns,"S,g,m,d,N"
42,girija,"S,G,m,d,N"
42,bhinna shadja,"S,G,m,D,N"
42,hindol,"S,G,M,D,N"
42,amritavarshini,"S,G,M,P,N"
42,marukauns,"S,G,M,P,n"
42,devashree,"S,R,M,P,n"
42,megh,"S,R,m,P,n"
42,durga,"S,R,m,P,D"
42,shivaranjani,"S,R,g,P,D"
42,bhoop / deshkar,"S,R,G,P,D"
42,prateeksha,"S,R,G,P,d"
42,vibhas,"S,r,G,P,d"
42,bhoopal todi,"S,r,g,P,d"
42,gunakali,"S,r,m,P,d"
42,bairagi,"S,r,m,P,n"
42,dhani,"S,g,m,P,n"
43,malkauns,"S,g,m,d,n"
43,chandrakauns,"S,g,m,d,N"
43,girija,"S,G,m,d,N"
43,bhinna shadja,"S,G,m,D,N"
43,hindol,"S,G,M,D,N"
43,amritavarshini,"S,G,M,P,N"
43,marukauns,"S,G,M,P,n"
43,devashree,"S,R,M,P,n"
43,megh,"S,R,m,P,n"
43,durga,"S,R,m,P,D"
43,shivaranjani,"S,R,g,P,D"
43,bhoop / deshkar,"S,R,G,P,D"
43,prateeksha,"S,R,G,P,d"
43,vibhas,"S,r,G,P,d"
43,gunakali,"S,r,m,P,d"
43,manoranjani,"S,r,m,P,D"
43,bairagi,"S,r,m,P,n"
43,dhani,"S,g,m,P,n"
44,malkauns,"S,g,m,d,n"
44,chandrakauns,"S,g,m,d,N"
44,girija,"S,G,m,d,N"
44,bhinna shadja,"S,G,m,D,N"
44,hindol,"S,G,M,D,N"
44,amritavarshini,"S,G,M,P,N"
44,marukauns,"S,G,M,P,n"
44,devashree,"S,R,M,P,n"
44,megh,"S,R,m,P,n"
44,durga,"S,R,m,P,D"
44,shivaranjani,"S,R,g,P,D"
44,bhoop / deshkar,"S,R,G,P,D"
44,hansadhwani,"S,R,G,P,N"
44,prateeksha,"S,R,G,P,d"
44,vibhas,"S,r,G,P,d"
44,gunakali,"S,r,m,P,d"
44,bairagi,"S,r,m,P,n"
44,dhani,"S,g,m,P,n"
45,malkauns,"S,g,m,d,n"
45,chandrakauns,"S,g,m,d,N"
45,girija,"S,G,m,d,N"
45,bhinna shadja,"S,G,m,D,N"
45,hindol,"S,G,M,D,N"
45,amritavarshini,"S,G,M,P,N"
45,marukauns,"S,G,M,P,n"
45,devashree,"S,R,M,P,n"
45,megh,"S,R,m,P,n"
45,durga,"S,R,m,P,D"
45,bhoop / deshkar,"S,R,G,P,D"
45,prateeksha,"S,R,G,P,d"
45,vibhas,"S,r,G,P,d"
45,bhoopal todi,"S,r,g,P,d"
45,gunakali,"S,r,m,P,d"
45,manoranjani,"S,r,m,P,D"
45,bairagi,"S,r,m,P,n"
45,dhani,"S,g,m,P,n"
46,malkauns,"S,g,m,d,n"
46,chandrakauns,"S,g,m,d,N"
46,girija,"S,G,m,d,N"
46,bhinna shadja,"S,G,m,D,N"
46,hindol,"S,G,M,D,N"
46,amritavarshini,"S,G,M,P,N"
46,marukauns,"S,G,M,P,n"
46,devashree,"S,R,M,P,n"
46,megh,"S,R,m,P,n"
46,durga,"S,R,m,P,D"
46,bhoop / deshkar,"S,R,G,P,D"
46,prateeksha,"S,R,G,P,d"
46,vibhas,"S,r,G,P,d"
46,gunakali,"S,r,m,P,d"
46,bhoopal todi,"S,r,g,P,d"
46,bairagi todi,"S,r,g,P,n"
46,bairagi,"S,r,m,P,n"
46,dhani,"S,g,m,P,n"
47,malkauns,"S,g,m,d,n"
47,chandrakauns,"S,g,m,d,N"
47,girija,"S,G,m,d,N"
47,bhinna shadja,"S,G,m,D,N"
47,hindol,"S,G,M,D,N"
47,amritavarshini,"S,G,M,P,N"
47,marukauns,"S,G,M,P,n"
47,devashree,"S,R,M,P,n"
47,megh,"S,R,m,P,n"
47,durga,"S,R,m,P,D"
47,bhoop / deshkar,"S,R,G,P,D"
47,hansadhwani,"S,R,G,P,N"
47,prateeksha,"S,R,G,P,d"
47,vibhas,"S,r,G,P,d"
47,bhoopal todi,"S,r,g,P,d"
47,bairagi todi,"S,r,g,P,n"
47,bairagi,"S,r,m,P,n"
47,dhani,"S,g,m,P,n"
48,malkauns,"S,g,m,d,n"
48,chandrakauns,"S,g,m,d,N"
48,girija,"S,G,m,d,N"
48,bhinna shadja,"S,G,m,D,N"
48,hindol,"S,G,M,D,N"
48,amritavarshini,"S,G,M,P,N"
48,marukauns,"S,G,M,P,n"
48,devashree,"S,R,M,P,n"
48,megh,"S,R,m,P,n"
48,durga,"S,R,m,P,D"
48,bhoop / deshkar,"S,R,G,P,D"
48,hansadhwani,"S,R,G,P,N"
48,prateeksha,"S,R,G,P,d"
48,vibhas,"S,r,G,P,d"
48,bhoopal todi,"S,r,g,P,d"
48,gunakali,"S,r,m,P,d"
48,bairagi,"S,r,m,P,n"
48,dhani,"S,g,m,P,n"
49,malkauns,"S,g,m,d,n"
49,chandrakauns,"S,g,m,d,N"
49,girija,"S,G,m,d,N"
49,bhinna shadja,"S,G,m,D,N"
49,hindol,"S,G,M,D,N"
49,amritavarshini,"S,G,M,P,N"
49,marukauns,"S,G,M,P,n"
49,devashree,"S,R,M,P,n"
49,megh,"S,R,m,P,n"
49,durga,"S,R,m,P,D"
49,bhoop / deshkar,"S,R,G,P,D"
49,hansadhwani,"S,R,G,P,N"
49,prateeksha,"S,R,G,P,d"
49,vibhas,"S,r,G,P,d"
49,gunakali,"S,r,m,P,d"
49,manoranjani,"S,r,m,P,D"
49,bairagi,"S,r,m,P,n"
49,dhani,"S,g,m,P,n"
50,malkauns,"S,g,m,d,n"
50,chandrakauns,"S,g,m,d,N"
50,girija,"S,G,m,d,N"
50,bhinna shadja,"S,G,m,D,N"
50,hindol,"S,G,M,D,N"
50,amritavarshini,"S,G,M,P,N"
50,marukauns,"S,G,M,P,n"
50,madhukauns,"S,g,M,P,n"
50,devashree,"S,R,M,P,n"
50,megh,"S,R,m,P,n"
50,durga,"S,R,m,P,D"
50,shivaranjani,"S,R,g,P,D"
50,bhoop / deshkar,"S,R,G,P,D"
50,prateeksha,"S,R,G,P,d"
50,vibhas,"S,r,G,P,d"
50,gunakali,"S,r,m,P,d"
50,bairagi,"S,r,m,P,n"
50,dhani,"S,g,m,P,n"
51,malkauns,"S,g,m,d,n"
51,chandrakauns,"S,g,m,d,N"
51,girija,"S,G,m,d,N"
51,bhinna shadja,"S,G,m,D,N"
51,hindol,"S,G,M,D,N"
51,amritavarshini,"S,G,M,P,N"
51,marukauns,"S,G,M,P,n"
51,madhukauns,"S,g,M,P,n"
51,devashree,"S,R,M,P,n"
51,megh,"S,R,m,P,n"
51,durga,"S,R,m,P,D"
51,bhoop / deshkar,"S,R,G,P,D"
51,prateeksha,"S,R,G,P,d"
51,vibhas,"S,r,G,P,d"
51,bhoopal todi,"S,r,g,P,d"
51,bairagi todi,"S,r,g,P,n"
51,bairagi,"S,r,m,P,n"
51,dhani,"S,g,m,P,n"
52,malkauns,"S,g,m,d,n"
52,chandrakauns,"S,g,m,d,N"
52,girija,"S,G,m,d,N"
52,bhinna shadja,"S,G,m,D,N"
52,hindol,"S,G,M,D,N"
52,amritavarshini,"S,G,M,P,N"
52,marukauns,"S,G,M,P,n"
52,madhukauns,"S,g,M,P,n"
52,devashree,"S,R,M,P,n"
52,megh,"S,R,m,P,n"
52,durga,"S,R,m,P,D"
52,bhoop / deshkar,"S,R,G,P,D"
52,prateeksha,"S,R,G,P,d"
52,vibhas,"S,r,G,P,d"
52,bhoopal todi,"S,r,g,P,d"
52,gunakali,"S,r,m,P,d"
52,bairagi,"S,r,m,P,n"
52,dhani,"S,g,m,P,n"
53,malkauns,"S,g,m,d,n"
53,chandrakauns,"S,g,m,d,N"
53,girija,"S,G,m,d,N"
53,bhinna shadja,"S,G,m,D,N"
53,hindol,"S,G,M,D,N"
53,amritavarshini,"S,G,M,P,N"
53,marukauns,"S,G,M,P,n"
53,madhukauns,"S,g,M,P,n"
53,devashree,"S,R,M,P,n"
53,megh,"S,R,m,P,n"
53,durga,"S,R,m,P,D"
53,bhoop / deshkar,"S,R,G,P,D"
53,prateeksha,"S,R,G,P,d"
53,vibhas,"S,r,G,P,d"
53,gunakali,"S,r,m,P,d"
53,manoranjani,"S,r,m,P,D"
53,bairagi,"S,r,m,P,n"
53,dhani,"S,g,m,P,n"
54,malkauns,"S,g,m,d,n"
54,chandrakauns,"S,g,m,d,N"
54,girija,"S,G,m,d,N"
54,bhinna shadja,"S,G,m,D,N"
54,hindol,"S,G,M,D,N"
54,amritavarshini,"S,G,M,P,N"
54,marukauns,"S,G,M,P,n"
54,madhukauns,"S,g,M,P,n"
54,devashree,"S,R,M,P,n"
54,megh,"S,R,m,P,n"
54,durga,"S,R,m,P,D"
54,bhoop / deshkar,"S,R,G,P,D"
54,hansadhwani,"S,R,G,P,N"
54,prateeksha,"S,R,G,P,d"
54,vibhas,"S,r,G,P,d"
54,gunakali,"S,r,m,P,d"
54,bairagi,"S,r,m,P,n"
54,dhani,"S,g,m,P,n"
55,malkauns,"S,g,m,d,n"
55,chandrakauns,"S,g,m,d,N"
55,girija,"S,G,m,d,N"
55,bhinna shadja,"S,G,m,D,N"
55,hindol,"S,G,M,D,N"
55,amritavarshini,"S,G,M,P,N"
55,marukauns,"S,G,M,P,n"
55,madhukauns,"S,g,M,P,n"
55,devashree,"S,R,M,P,n"
55,megh,"S,R,m,P,n"
55,durga,"S,R,m,P,D"
55,manoranjani,"S,r,m,P,D"
55,gunakali,"S,r,m,P,d"
55,vibhas,"S,r,G,P,d"
55,bhoopal todi,"S,r,g,P,d"
55,bairagi todi,"S,r,g,P,n"
55,bairagi,"S,r,m,P,n"
55,dhani,"S,g,m,P,n"
56,malkauns,"S,g,m,d,n"
56,chandrakauns,"S,g,m,d,N"
56,girija,"S,G,m,d,N"
56,bhinna shadja,"S,G,m,D,N"
56,hindol,"S,G,M,D,N"
56,amritavarshini,"S,G,M,P,N"
56,marukauns,"S,G,M,P,n"
56,devashree,"S,R,M,P,n"
56,megh,"S,R,m,P,n"
56,durga,"S,R,m,P,D"
56,shivaranjani,"S,R,g,P,D"
56,bhoop / deshkar,"S,R,G,P,D"
56,prateeksha,"S,R,G,P,d"
56,vibhas,"S,r,G,P,d"
56,bhoopal todi,"S,r,g,P,d"
56,gunakali,"S,r,m,P,d"
56,manoranjani,"S,r,m,P,D"
56,bairagi,"S,r,m,P,n"
56,dhani,"S,g,m,P,n"
57,malkauns,"S,g,m,d,n"
57,chandrakauns,"S,g,m,d,N"
57,girija,"S,G,m,d,N"
57,bhinna shadja,"S,G,m,D,N"
57,hindol,"S,G,M,D,N"
57,amritavarshini,"S,G,M,P,N"
57,marukauns,"S,G,M,P,n"
57,devashree,"S,R,M,P,n"
57,megh,"S,R,m,P,n"
57,durga,"S,R,m,P,D"
57,shivaranjani,"S,R,g,P,D"
57,bhoop / deshkar,"S,R,G,P,D"
57,prateeksha,"S,R,G,P,d"
57,vibhas,"S,r,G,P,d"
57,gunakali,"S,r,m,P,d"
57,bhoopal todi,"S,r,g,P,d"
57,bairagi todi,"S,r,g,P,n"
57,bairagi,"S,r,m,P,n"
57,dhani,"S,g,m,P,n"
58,malkauns,"S,g,m,d,n"
58,chandrakauns,"S,g,m,d,N"
58,girija,"S,G,m,d,N"
58,bhinna shadja,"S,G,m,D,N"
58,hindol,"S,G,M,D,N"
58,amritavarshini,"S,G,M,P,N"
58,marukauns,"S,G,M,P,n"
58,devashree,"S,R,M,P,n"
58,megh,"S,R,m,P,n"
58,durga,"S,R,m,P,D"
58,shivaranjani,"S,R,g,P,D"
58,bhoop / deshkar,"S,R,G,P,D"
58,hansadhwani,"S,R,G,P,N"
58,prateeksha,"S,R,G,P,d"
58,vibhas,"S,r,G,P,d"
58,bhoopal todi,"S,r,g,P,d"
58,bairagi todi,"S,r,g,P,n"
58,bairagi,"S,r,m,P,n"
58,dhani,"S,g,m,P,n"
59,malkauns,"S,g,m,d,n"
59,chandrakauns,"S,g,m,d,N"
59,girija,"S,G,m,d,N"
59,bhinna shadja,"S,G,m,D,N"
59,hindol,"S,G,M,D,N"
59,amritavarshini,"S,G,M,P,N"
59,marukauns,"S,G,M,P,n"
59,devashree,"S,R,M,P,n"
59,megh,"S,R,m,P,n"
59,durga,"S,R,m,P,D"
59,shivaranjani,"S,R,g,P,D"
59,bhoop / deshkar,"S,R,G,P,D"
59,hansadhwani,"S,R,G,P,N"
59,prateeksha,"S,R,G,P,d"
59,vibhas,"S,r,G,P,d"
59,bhoopal todi,"S,r,g,P,d"
59,gunakali,"S,r,m,P,d"
59,bairagi,"S,r,m,P,n"
59,dhani,"S,g,m,P,n"
60,malkauns,"S,g,m,d,n"
60,chandrakauns,"S,g,m,d,N"
60,girija,"S,G,m,d,N"
60,bhinna shadja,"S,G,m,D,N"
60,hindol,"S,G,M,D,N"
60,amritavarshini,"S,G,M,P,N"
60,marukauns,"S,G,M,P,n"
60,devashree,"S,R,M,P,n"
60,megh,"S,R,m,P,n"
60,durga,"S,R,m,P,D"
60,shivaranjani,"S,R,g,P,D"
60,bhoop / deshkar,"S,R,G,P,D"
60,hansadhwani,"S,R,G,P,N"
60,prateeksha,"S,R,G,P,d"
60,vibhas,"S,r,G,P,d"
60,gunakali,"S,r,m,P,d"
60,manoranjani,"S,r,m,P,D"
60,bairagi,"S,r,m,P,n"
60,dhani,"S,g,m,P,n"
61,malkauns,"S,g,m,d,n"
61,chandrakauns,"S,g,m,d,N"
61,girija,"S,G,m,d,N"
61,bhinna shadja,"S,G,m,D,N"
61,hindol,"S,G,M,D,N"
61,amritavarshini,"S,G,M,P,N"
61,marukauns,"S,G,M,P,n"
61,devashree,"S,R,M,P,n"
61,megh,"S,R,m,P,n"
61,durga,"S,R,m,P,D"
61,bhoop / deshkar,"S,R,G,P,D"
61,hansadhwani,"S,R,G,P,N"
61,prateeksha,"S,R,G,P,d"
61,vibhas,"S,r,G,P,d"
61,bhoopal todi,"S,r,g,P,d"
61,gunakali,"S,r,m,P,d"
61,manoranjani,"S,r,m,P,D"
61,bairagi,"S,r,m,P,n"
61,dhani,"S,g,m,P,n"
62,malkauns,"S,g,m,d,n"
62,chandrakauns,"S,g,m,d,N"
62,girija,"S,G,m,d,N"
62,bhinna shadja,"S,G,m,D,N"
62,hindol,"S,G,M,D,N"
62,amritavarshini,"S,G,M,P,N"
62,marukauns,"S,G,M,P,n"
62,devashree,"S,R,M,P,n"
62,megh,"S,R,m,P,n"
62,durga,"S,R,m,P,D"
62,bhoop / deshkar,"S,R,G,P,D"
62,hansadhwani,"S,R,G,P,N"
62,prateeksha,"S,R,G,P,d"
62,vibhas,"S,r,G,P,d"
62,gunakali,"S,r,m,P,d"
62,bhoopal todi,"S,r,g,P,d"
62,bairagi todi,"S,r,g,P,n"
62,bairagi,"S,r,m,P,n"
62,dhani,"S,g,m,P,n"
63,malkauns,"S,g,m,d,n"
63,chandrakauns,"S,g,m,d,N"
63,girija,"S,G,m,d,N"
63,bhinna shadja,"S,G,m,D,N"
63,hindol,"S,G,M,D,N"
63,amritavarshini,"S,G,M,P,N"
63,marukauns,"S,G,M,P,n"
63,madhukauns,"S,g,M,P,n"
63,devashree,"S,R,M,P,n"
63,megh,"S,R,m,P,n"
63,durga,"S,R,m,P,D"
63,shivaranjani,"S,R,g,P,D"
63,bhoop / deshkar,"S,R,G,P,D"
63,prateeksha,"S,R,G,P,d"
63,vibhas,"S,r,G,P,d"
63,bhoopal todi,"S,r,g,P,d"
63,bairagi todi,"S,r,g,P,n"
63,bairagi,"S,r,m,P,n"
63,dhani,"S,g,m,P,n"
64,malkauns,"S,g,m,d,n"
64,chandrakauns,"S,g,m,d,N"
64,girija,"S,G,m,d,N"
64,bhinna shadja,"S,G,m,D,N"
64,hindol,"S,G,M,D,N"
64,amritavarshini,"S,G,M,P,N"
64,marukauns,"S,G,M,P,n"
64,madhukauns,"S,g,M,P,n"
64,devashree,"S,R,M,P,n"
64,megh,"S,R,m,P,n"
64,durga,"S,R,m,P,D"
64,shivaranjani,"S,R,g,P,D"
64,bhoop / deshkar,"S,R,G,P,D"
64,prateeksha,"S,R,G,P,d"
64,vibhas,"S,r,G,P,d"
64,bhoopal todi,"S,r,g,P,d"
64,gunakali,"S,r,m,P,d"
64,bairagi,"S,r,m,P,n"
64,dhani,"S,g,m,P,n"
65,malkauns,"S,g,m,d,n"
65,chandrakauns,"S,g,m,d,N"
65,girija,"S,G,m,d,N"
65,bhinna shadja,"S,G,m,D,N"
65,hindol,"S,G,M,D,N"
65,amritavarshini,"S,G,M,P,N"
65,marukauns,"S,G,M,P,n"
65,madhukauns,"S,g,M,P,n"
65,devashree,"S,R,M,P,n"
65,megh,"S,R,m,P,n"
65,durga,"S,R,m,P,D"
65,shivaranjani,"S,R,g,P,D"
65,bhoop / deshkar,"S,R,G,P,D"
65,prateeksha,"S,R,G,P,d"
65,vibhas,"S,r,G,P,d"
65,gunakali,"S,r,m,P,d"
65,manoranjani,"S,r,m,P,D"
65,bairagi,"S,r,m,P,n"
65,dhani,"S,g,m,P,n"
66,malkauns,"S,g,m,d,n"
66,chandrakauns,"S,g,m,d,N"
66,girija,"S,G,m,d,N"
66,bhinna shadja,"S,G,m,D,N"
66,hindol,"S,G,M,D,N"
66,amritavarshini,"S,G,M,P,N"
66,marukauns,"S,G,M,P,n"
66,madhukauns,"S,g,M,P,n"
66,devashree,"S,R,M,P,n"
66,megh,"S,R,m,P,n"
66,durga,"S,R,m,P,D"
66,shivaranjani,"S,R,g,P,D"
66,bhoop / deshkar,"S,R,G,P,D"
66,hansadhwani,"S,R,G,P,N"
66,prateeksha,"S,R,G,P,d"
66,vibhas,"S,r,G,P,d"
66,gunakali,"S,r,m,P,d"
66,bairagi,"S,r,m,P,n"
66,dhani,"S,g,m,P,n"
67,malkauns,"S,g,m,d,n"
67,chandrakauns,"S,g,m,d,N"
67,girija,"S,G,m,d,N"
67,bhinna shadja,"S,G,m,D,N"
67,hindol,"S,G,M,D,N"
67,amritavarshini,"S,G,M,P,N"
67,marukauns,"S,G,M,P,n"
67,madhukauns,"S,g,M,P,n"
67,devashree,"S,R,M,P,n"
67,megh,"S,R,m,P,n"
67,durga,"S,R,m,P,D"
67,bhoop / deshkar,"S,R,G,P,D"
67,prateeksha,"S,R,G,P,d"
67,vibhas,"S,r,G,P,d"
67,bhoopal todi,"S,r,g,P,d"
67,gunakali,"S,r,m,P,d"
67,manoranjani,"S,r,m,P,D"
67,bairagi,"S,r,m,P,n"
67,dhani,"S,g,m,P,n"
68,malkauns,"S,g,m,d,n"
68,chandrakauns,"S,g,m,d,N"
68,girija,"S,G,m,d,N"
68,bhinna shadja,"S,G,m,D,N"
68,hindol,"S,G,M,D,N"
68,amritavarshini,"S,G,M,P,N"
68,marukauns,"S,G,M,P,n"
68,madhukauns,"S,g,M,P,n"
68,devashree,"S,R,M,P,n"
68,megh,"S,R,m,P,n"
68,durga,"S,R,m,P,D"
68,bhoop / deshkar,"S,R,G,P,D"
68,prateeksha,"S,R,G,P,d"
68,vibhas,"S,r,G,P,d"
68,gunakali,"S,r,m,P,d"
68,bhoopal todi,"S,r,g,P,d"
68,bairagi todi,"S,r,g,P,n"
68,bairagi,"S,r,m,P,n"
68,dhani,"S,g,m,P,n"
69,malkauns,"S,g,m,d,n"
69,chandrakauns,"S,g,m,d,N"
69,girija,"S,G,m,d,N"
69,bhinna shadja,"S,G,m,D,N"
69,hindol,"S,G,M,D,N"
69,amritavarshini,"S,G,M,P,N"
69,marukauns,"S,G,M,P,n"
69,madhukauns,"S,g,M,P,n"
69,devashree,"S,R,M,P,n"
69,megh,"S,R,m,P,n"
69,durga,"S,R,m,P,D"
69,bhoop / deshkar,"S,R,G,P,D"
69,hansadhwani,"S,R,G,P,N"
69,prateeksha,"S,R,G,P,d"
69,vibhas,"S,r,G,P,d"
69,bhoopal todi,"S,r,g,P,d"
69,bairagi todi,"S,r,g,P,n"
69,bairagi,"S,r,m,P,n"
69,dhani,"S,g,m,P,n"
70,malkauns,"S,g,m,d,n"
70,chandrakauns,"S,g,m,d,N"
70,girija,"S,G,m,d,N"
70,bhinna shadja,"S,G,m,D,N"
70,hindol,"S,G,M,D,N"
70,amritavarshini,"S,G,M,P,N"
70,marukauns,"S,G,M,P,n"
70,madhukauns,"S,g,M,P,n"
70,devashree,"S,R,M,P,n"
70,megh,"S,R,m,P,n"
70,durga,"S,R,m,P,D"
70,bhoop / deshkar,"S,R,G,P,D"
70,hansadhwani,"S,R,G,P,N"
70,prateeksha,"S,R,G,P,d"
70,vibhas,"S,r,G,P,d"
70,bhoopal todi,"S,r,g,P,d"
70,gunakali,"S,r,m,P,d"
70,bairagi,"S,r,m,P,n"
70,dhani,"S,g,m,P,n"
71,malkauns,"S,g,m,d,n"
71,chandrakauns,"S,g,m,d,N"
71,girija,"S,G,m,d,N"
71,bhinna shadja,"S,G,m,D,N"
71,hindol,"S,G,M,D,N"
71,amritavarshini,"S,G,M,P,N"
71,marukauns,"S,G,M,P,n"
71,madhukauns,"S,g,M,P,n"
71,devashree,"S,R,M,P,n"
71,megh,"S,R,m,P,n"
71,durga,"S,R,m,P,D"
71,bhoop / deshkar,"S,R,G,P,D"
71,hansadhwani,"S,R,G,P,N"
71,prateeksha,"S,R,G,P,d"
71,vibhas,"S,r,G,P,d"
71,gunakali,"S,r,m,P,d"
71,manoranjani,"S,r,m,P,D"
71,bairagi,"S,r,m,P,n"
71,dhani,"S,g,m,P,n"
72,malkauns,"S,g,m,d,n"
72,chandrakauns,"S,g,m,d,N"
72,girija,"S,G,m,d,N"
72,bhinna shadja,"S,G,m,D,N"
72,hindol,"S,G,M,D,N"
72,amritavarshini,"S,G,M,P,N"
72,marukauns,"S,G,M,P,n"
72,devashree,"S,R,M,P,n"
72,megh,"S,R,m,P,n"
72,durga,"S,R,m,P,D"
72,shivaranjani,"S,R,g,P,D"
72,bhoop / deshkar,"S,R,G,P,D"
72,hansadhwani,"S,R,G,P,N"
72,prateeksha,"S,R,G,P,d"
72,vibhas,"S,r,G,P,d"
72,bhoopal todi,"S,r,g,P,d"
72,gunakali,"S,r,m,P,d"
72,manoranjani,"S,r,m,P,D"
72,bairagi,"S,r,m,P,n"
72,dhani,"S,g,m,P,n"
73,malkauns,"S,g,m,d,n"
73,chandrakauns,"S,g,m,d,N"
73,girija,"S,G,m,d,N"
73,bhinna shadja,"S,G,m,D,N"
73,hindol,"S,G,M,D,N"
73,amritavarshini,"S,G,M,P,N"
73,marukauns,"S,G,M,P,n"
73,devashree,"S,R,M,P,n"
73,megh,"S,R,m,P,n"
73,durga,"S,R,m,P,D"
73,shivaranjani,"S,R,g,P,D"
73,bhoop / deshkar,"S,R,G,P,D"
73,hansadhwani,"S,R,G,P,N"
73,prateeksha,"S,R,G,P,d"
73,vibhas,"S,r,G,P,d"
73,gunakali,"S,r,m,P,d"
73,bhoopal todi,"S,r,g,P,d"
73,bairagi todi,"S,r,g,P,n"
73,bairagi,"S,r,m,P,n"
73,dhani,"S,g,m,P,n"
74,malkauns,"S,g,m,d,n"
74,chandrakauns,"S,g,m,d,N"
74,girija,"S,G,m,d,N"
74,bhinna shadja,"S,G,m,D,N"
74,hindol,"S,G,M,D,N"
74,amritavarshini,"S,G,M,P,N"
74,marukauns,"S,G,M,P,n"
74,madhukauns,"S,g,M,P,n"
74,devashree,"S,R,M,P,n"
74,megh,"S,R,m,P,n"
74,durga,"S,R,m,P,D"
74,shivaranjani,"S,R,g,P,D"
74,bhoop / deshkar,"S,R,G,P,D"
74,prateeksha,"S,R,G,P,d"
74,vibhas,"S,r,G,P,d"
74,bhoopal todi,"S,r,g,P,d"
74,gunakali,"S,r,m,P,d"
74,manoranjani,"S,r,m,P,D"
74,bairagi,"S,r,m,P,n"
74,dhani,"S,g,m,P,n"
75,malkauns,"S,g,m,d,n"
75,chandrakauns,"S,g,m,d,N"
75,girija,"S,G,m,d,N"
75,bhinna shadja,"S,G,m,D,N"
75,hindol,"S,G,M,D,N"
75,amritavarshini,"S,G,M,P,N"
75,marukauns,"S,G,M,P,n"
75,madhukauns,"S,g,M,P,n"
75,devashree,"S,R,M,P,n"
75,megh,"S,R,m,P,n"
75,durga,"S,R,m,P,D"
75,shivaranjani,"S,R,g,P,D"
75,bhoop / deshkar,"S,R,G,P,D"
75,prateeksha,"S,R,G,P,d"
75,vibhas,"S,r,G,P,d"
75,gunakali,"S,r,m,P,d"
75,bhoopal todi,"S,r,g,P,d"
75,bairagi todi,"S,r,g,P,n"
75,bairagi,"S,r,m,P,n"
75,dhani,"S,g,m,P,n"
76,malkauns,"S,g,m,d,n"
76,chandrakauns,"S,g,m,d,N"
76,girija,"S,G,m,d,N"
76,bhinna shadja,"S,G,m,D,N"
76,hindol,"S,G,M,D,N"
76,amritavarshini,"S,G,M,P,N"
76,marukauns,"S,G,M,P,n"
76,madhukauns,"S,g,M,P,n"
76,devashree,"S,R,M,P,n"
76,megh,"S,R,m,P,n"
76,durga,"S,R,m,P,D"
76,shivaranjani,"S,R,g,P,D"
76,bhoop / deshkar,"S,R,G,P,D"
76,hansadhwani,"S,R,G,P,N"
76,prateeksha,"S,R,G,P,d"
76,vibhas,"S,r,G,P,d"
76,bhoopal todi,"S,r,g,P,d"
76,bairagi todi,"S,r,g,P,n"
76,bairagi,"S,r,m,P,n"
76,dhani,"S,g,m,P,n"
77,malkauns,"S,g,m,d,n"
77,chandrakauns,"S,g,m,d,N"
77,girija,"S,G,m,d,N"
77,bhinna shadja,"S,G,m,D,N"
77,hindol,"S,G,M,D,N"
77,amritavarshini,"S,G,M,P,N"
77,marukauns,"S,G,M,P,n"
77,madhukauns,"S,g,M,P,n"
77,devashree,"S,R,M,P,n"
77,megh,"S,R,m,P,n"
77,durga,"S,R,m,P,D"
77,shivaranjani,"S,R,g,P,D"
77,bhoop / deshkar,"S,R,G,P,D"
77,hansadhwani,"S,R,G,P,N"
77,prateeksha,"S,R,G,P,d"
77,vibhas,"S,r,G,P,d"
77,bhoopal todi,"S,r,g,P,d"
77,gunakali,"S,r,m,P,d"
77,bairagi,"S,r,m,P,n"
77,dhani,"S,g,m,P,n"
78,malkauns,"S,g,m,d,n"
78,chandrakauns,"S,g,m,d,N"
78,girija,"S,G,m,d,N"
78,bhinna shadja,"S,G,m,D,N"
78,hindol,"S,G,M,D,N"
78,amritavarshini,"S,G,M,P,N"
78,marukauns,"S,G,M,P,n"
78,madhukauns,"S,g,M,P,n"
78,devashree,"S,R,M,P,n"
78,megh,"S,R,m,P,n"
78,durga,"S,R,m,P,D"
78,shivaranjani,"S,R,g,P,D"
78,bhoop / deshkar,"S,R,G,P,D"
78,hansadhwani,"S,R,G,P,N"
78,prateeksha,"S,R,G,P,d"
78,vibhas,"S,r,G,P,d"
78,gunakali,"S,r,m,P,d"
78,manoranjani,"S,r,m,P,D"
78,bairagi,"S,r,m,P,n"
78,dhani,"S,g,m,P,n"
79,malkauns,"S,g,m,d,n"
79,chandrakauns,"S,g,m,d,N"
79,girija,"S,G,m,d,N"
79,bhinna shadja,"S,G,m,D,N"
79,hindol,"S,G,M,D,N"
79,amritavarshini,"S,G,M,P,N"
79,marukauns,"S,G,M,P,n"
79,madhukauns,"S,g,M,P,n"
79,devashree,"S,R,M,P,n"
79,megh,"S,R,m,P,n"
79,durga,"S,R,m,P,D"
79,bhoop / deshkar,"S,R,G,P,D"
79,hansadhwani,"S,R,G,P,N"
79,prateeksha,"S,R,G,P,d"
79,vibhas,"S,r,G,P,d"
79,bhoopal todi,"S,r,g,P,d"
79,gunakali,"S,r,m,P,d"
79,manoranjani,"S,r,m,P,D"
79,bairagi,"S,r,m,P,n"
79,dhani,"S,g,m,P,n"
80,malkauns,"S,g,m,d,n"
80,chandrakauns,"S,g,m,d,N"
80,girija,"S,G,m,d,N"
80,bhinna shadja,"S,G,m,D,N"
80,hindol,"S,G,M,D,N"
80,amritavarshini,"S,G,M,P,N"
80,marukauns,"S,G,M,P,n"
80,madhukauns,"S,g,M,P,n"
80,devashree,"S,R,M,P,n"
80,megh,"S,R,m,P,n"
80,durga,"S,R,m,P,D"
80,bhoop / deshkar,"S,R,G,P,D"
80,hansadhwani,"S,R,G,P,N"
80,prateeksha,"S,R,G,P,d"
80,vibhas,"S,r,G,P,d"
80,gunakali,"S,r,m,P,d"
80,bhoopal todi,"S,r,g,P,d"
80,bairagi todi,"S,r,g,P,n"
80,bairagi,"S,r,m,P,n"
80,dhani,"S,g,m,P,n"
81,malkauns,"S,g,m,d,n"
81,chandrakauns,"S,g,m,d,N"
81,girija,"S,G,m,d,N"
81,bhinna shadja,"S,G,m,D,N"
81,hindol,"S,G,M,D,N"
81,amritavarshini,"S,G,M,P,N"
81,marukauns,"S,G,M,P,n"
81,madhukauns,"S,g,M,P,n"
81,devashree,"S,R,M,P,n"
81,megh,"S,R,m,P,n"
81,durga,"S,R,m,P,D"
81,shivaranjani,"S,R,g,P,D"
81,bhoop / deshkar,"S,R,G,P,D"
81,hansadhwani,"S,R,G,P,N"
81,prateeksha,"S,R,G,P,d"
81,vibhas,"S,r,G,P,d"
81,bhoopal todi,"S,r,g,P,d"
81,gunakali,"S,r,m,P,d"
81,manoranjani,"S,r,m,P,D"
81,bairagi,"S,r,m,P,n"
81,dhani,"S,g,m,P,n"
82,malkauns,"S,g,m,d,n"
82,chandrakauns,"S,g,m,d,N"
82,girija,"S,G,m,d,N"
82,bhinna shadja,"S,G,m,D,N"
82,hindol,"S,G,M,D,N"
82,amritavarshini,"S,G,M,P,N"
82,marukauns,"S,G,M,P,n"
82,madhukauns,"S,g,M,P,n"
82,devashree,"S,R,M,P,n"
82,megh,"S,R,m,P,n"
82,durga,"S,R,m,P,D"
82,shivaranjani,"S,R,g,P,D"
82,bhoop / deshkar,"S,R,G,P,D"
82,hansadhwani,"S,R,G,P,N"
82,prateeksha,"S,R,G,P,d"
82,vibhas,"S,r,G,P,d"
82,gunakali,"S,r,m,P,d"
82,bhoopal todi,"S,r,g,P,d"
82,bairagi todi,"S,r,g,P,n"
82,bairagi,"S,r,m,P,n"
82,dhani,"S,g,m,P,n"
