video,raag,tonic_hz,note,hum_hz,snap_cents,snapped,clip,timestamp
9GlMrtTfSD0,AheerBhairav,164.6773,E3,329.6276,-1.4,yes,train_[9GlMrtTfSD0]_chunk2.mp3,2026-08-22T00:42:45
CWYQDitVT14,AheerBhairav,139.3705,C♯3,278.7883,-0.3,yes,train_[CWYQDitVT14]_chunk1.mp3,2026-08-22T00:43:08
El8HZDRd1-Q,AheerBhairav,141.6856,C♯3,278.7883,28.2,yes,train_[El8HZDRd1-Q]_chunk1.mp3,2026-08-22T00:43:44
W7mameo-mA0,AheerBhairav,166.0909,E3,329.6276,13.4,yes,train_[W7mameo-mA0]_chunk1.mp3,2026-08-22T00:44:10
Wx-9A-mgif8,AheerBhairav,139.1189,C♯3,278.7883,-3.4,yes,train_[Wx-9A-mgif8]_chunk1.mp3,2026-08-22T00:44:35
YIEMBNwkbrw,AheerBhairav,231.7394,A♯3,231.7394,0.0,NO,train_[YIEMBNwkbrw]_chunk1.mp3,2026-08-22T00:45:30
ZfW27iArnns,AheerBhairav,233.6319,A♯3,233.0819,4.1,yes,train_[ZfW27iArnns]_chunk0.mp3,2026-08-22T00:45:47
bUwLHLSoPVw,AheerBhairav,146.7374,D3,293.6648,-1.1,yes,train_[bUwLHLSoPVw]_chunk0.mp3,2026-08-22T00:46:07
jNdHo4mx1Kg,AheerBhairav,234.4987,A♯3,237.1561,-19.5,yes,train_[jNdHo4mx1Kg]_chunk1.mp3,2026-08-22T00:46:29
liI7jbhVdvE,AheerBhairav,145.9470,D3,290.2917,9.5,yes,train_[liI7jbhVdvE]_chunk1.mp3,2026-08-22T00:46:55
p3LfeDd70Ts,AheerBhairav,155.0605,D♯3,300.5289,54.4,yes,test_[p3LfeDd70Ts]_chunk1.mp3,2026-08-22T00:47:24
vlNXldo0YkI,AheerBhairav,235.1348,A♯3,234.4321,5.2,yes,train_[vlNXldo0YkI]_chunk1.mp3,2026-08-22T00:48:11
-I69OvIcF30,AlhaiyaBilawal,237.5603,A♯3,237.1561,2.9,yes,train_[-I69OvIcF30]_chunk1.mp3,2026-08-22T00:49:22
B4_c8xAoZzA,AlhaiyaBilawal,116.4750,A♯2,234.4321,-11.0,yes,train_[B4_c8xAoZzA]_chunk1.mp3,2026-08-22T00:50:02
CKQqC6iPji4,AlhaiyaBilawal,147.2423,D3,295.3660,-5.2,yes,train_[CKQqC6iPji4]_chunk1.mp3,2026-08-22T00:50:34
T1ikRj8wG_M,AlhaiyaBilawal,165.1722,E3,165.7685,-6.2,yes,train_[T1ikRj8wG_M]_chunk1.mp3,2026-08-22T00:50:57
aG3W2G40Lpk,AlhaiyaBilawal,165.2097,E3,165.7685,-5.8,yes,train_[aG3W2G40Lpk]_chunk1.mp3,2026-08-22T00:51:17
mGobQ9ztOnY,AlhaiyaBilawal,146.1705,D3,293.6648,-7.8,yes,train_[mGobQ9ztOnY]_chunk1.mp3,2026-08-22T00:51:35
my5Zh8ze3eY,AlhaiyaBilawal,116.1329,A♯2,233.0819,-6.1,yes,train_[my5Zh8ze3eY]_chunk1.mp3,2026-08-22T00:52:08
oTg3QBVYFSc,AlhaiyaBilawal,138.1763,C♯3,280.4033,-25.2,yes,train_[oTg3QBVYFSc]_chunk1.mp3,2026-08-22T00:52:26
oz0DXZN3Dtk,AlhaiyaBilawal,138.9374,C♯3,277.1826,4.3,yes,train_[oz0DXZN3Dtk]_chunk1.mp3,2026-08-22T00:52:48
p5UIQKN0C7U,AlhaiyaBilawal,145.4516,D3,293.6648,-16.4,yes,train_[p5UIQKN0C7U]_chunk1.mp3,2026-08-22T00:53:12
8ldBWSCfR0Q,Bageshree,145.5612,D3,291.9734,-5.1,yes,train_[8ldBWSCfR0Q]_chunk1.mp3,2026-08-22T00:53:34
FCw-Jo9_P8o,Bageshree,230.4572,A♯3,234.4321,-29.6,yes,train_[FCw-Jo9_P8o]_chunk1.mp3,2026-08-22T00:54:34
IaWMS9vmWRM,Bageshree,147.0047,D3,291.9734,12.0,yes,train_[IaWMS9vmWRM]_chunk1.mp3,2026-08-22T00:55:10
QaE7GojryQE,Bageshree,139.6166,C♯3,278.7883,2.8,yes,train_[QaE7GojryQE]_chunk1.mp3,2026-08-22T00:55:36
SOlaeP1ctQQ,Bageshree,116.8553,A♯2,234.4321,-5.3,yes,test_[SOlaeP1ctQQ]_chunk1.mp3,2026-08-22T00:55:50
p36qxVRg6kw,Bageshree,155.3485,D♯3,307.5534,17.6,yes,train_[p36qxVRg6kw]_chunk1.mp3,2026-08-22T16:02:42
rUoWx__itDo,Bageshree,233.0912,A♯3,466.1638,0.1,yes,train_[rUoWx__itDo]_chunk1.mp3,2026-08-22T16:03:13
uPLSOevIK-4,Bageshree,220.0335,A3,221.2744,-9.7,yes,train_[uPLSOevIK-4]_chunk1.mp3,2026-08-22T16:03:48
wJPV6sIjWv4,Bageshree,165.3439,E3,329.6276,5.6,yes,train_[wJPV6sIjWv4]_chunk1.mp3,2026-08-22T16:04:09
8W1n5O7eDa0,Bahar,168.2531,E3,335.3893,5.8,yes,train_[8W1n5O7eDa0]_chunk1.mp3,2026-08-22T16:05:59
Lvt3TKj2pvM,Bahar,167.7542,E3,337.3322,-9.4,yes,train_[Lvt3TKj2pvM]_chunk1.mp3,2026-08-22T16:06:20
cnBqvwZ-Wio,Bahar,156.0819,D♯3,309.3350,15.8,yes,train_[cnBqvwZ-Wio]_chunk1.mp3,2026-08-22T16:07:03
jhT45HzPDoI,Bahar,155.3654,D♯3,314.7421,-22.2,yes,test_[jhT45HzPDoI]_chunk1.mp3,2026-08-22T16:07:21
1ev7MmUkcyU,Bairagi,138.5214,C♯3,275.5862,9.1,yes,train_[1ev7MmUkcyU]_chunk1.mp3,2026-08-22T16:07:49
8YITuUf2sn8,Bairagi,138.7991,C♯3,275.5862,12.6,yes,train_[8YITuUf2sn8]_chunk1.mp3,2026-08-22T16:08:09
9JLAuhZscAE,Bairagi,166.4048,E3,331.5371,6.6,yes,train_[9JLAuhZscAE]_chunk0.mp3,2026-08-22T16:08:29
ZDRahtYC3Ls,Bairagi,126.8631,B2,252.7136,6.9,yes,train_[ZDRahtYC3Ls]_chunk1.mp3,2026-08-22T16:08:49
bn9kOK1RWaQ,Bairagi,153.3569,D♯3,312.9293,-34.7,yes,train_[bn9kOK1RWaQ]_chunk1.mp3,2026-08-22T16:09:06
d5UV-ISRXNw,Bairagi,167.2849,E3,333.4576,5.8,yes,train_[d5UV-ISRXNw]_chunk1.mp3,2026-08-22T16:09:28
l5u33mnASxA,Bairagi,167.3378,E3,335.3893,-3.7,yes,train_[l5u33mnASxA]_chunk1.mp3,2026-08-22T16:09:54
oj-JgTjzmb4,Bairagi,154.6614,D♯3,311.1270,-10.1,yes,train_[oj-JgTjzmb4]_chunk1.mp3,2026-08-22T16:10:34
wQsCHZhKlX8,Bairagi,146.8385,D3,297.0770,-19.9,yes,train_[wQsCHZhKlX8]_chunk1.mp3,2026-08-22T16:10:54
5917dtJPdbU,Basant,146.9807,D3,293.6648,1.7,yes,train_[5917dtJPdbU]_chunk1.mp3,2026-08-22T16:12:08
5qPzk512H28,Basant,155.6825,D♯3,312.9293,-8.7,yes,train_[5qPzk512H28]_chunk1.mp3,2026-08-22T16:12:31
M2o4LwjW_Pg,Basant,180.9763,F♯3,359.4614,12.0,yes,train_[M2o4LwjW_Pg]_chunk1.mp3,2026-08-22T16:12:49
ao5_ZlF91L8,Basant,162.6775,E3,322.0989,17.4,yes,test_[ao5_ZlF91L8]_chunk1.mp3,2026-08-22T16:13:28
ax201ohzl5k,Basant,115.5246,A♯2,234.4321,-25.2,yes,train_[ax201ohzl5k]_chunk1.mp3,2026-08-22T16:14:02
eapl_XTpfBU,Basant,147.9145,D3,297.0770,-7.3,yes,train_[eapl_XTpfBU]_chunk1.mp3,2026-08-22T16:14:23
1MUL6GJXZ1k,Bhairav,140.4700,C♯3,277.1826,23.3,yes,train_[1MUL6GJXZ1k]_chunk1.mp3,2026-08-22T16:14:48
G0V0q_yA49U,Bhairav,109.8031,A2,221.2744,-13.1,yes,train_[G0V0q_yA49U]_chunk1.mp3,2026-08-22T16:18:16
NMHoLg5PxRM,Bhairav,136.3916,C♯3,282.0277,-57.7,yes,train_[NMHoLg5PxRM]_chunk1.mp3,2026-08-22T16:18:43
b0dm0th5bnY,Bhairav,150.3171,D3,295.3660,30.6,yes,train_[b0dm0th5bnY]_chunk1.mp3,2026-08-22T16:19:27
cPqhyjlmlrI,Bhairav,143.3542,D3,290.2917,-21.5,yes,train_[cPqhyjlmlrI]_chunk1.mp3,2026-08-22T16:20:03
zXQ059Uftv4,Bhairav,109.9354,A2,222.5563,-21.0,yes,train_[zXQ059Uftv4]_chunk1.mp3,2026-08-22T16:20:32
6UKoLTO8UyU,Bhairavi,146.0110,D3,290.2917,10.3,yes,train_[6UKoLTO8UyU]_chunk1.mp3,2026-08-22T16:21:27
7uSg_dpobD8,Bhairavi,155.2519,D♯3,312.9293,-13.5,yes,train_[7uSg_dpobD8]_chunk1.mp3,2026-08-22T16:22:04
OX6Da7jmYP8,Bhairavi,145.9340,D3,298.7979,-40.6,yes,test_[OX6Da7jmYP8]_chunk1.mp3,2026-08-22T16:22:18
bttszaG-fZU,Bhairavi,142.2219,C♯3,286.9575,-15.2,yes,train_[bttszaG-fZU]_chunk1.mp3,2026-08-22T16:22:45
tLXNNejKhJs,Bhairavi,167.6947,E3,335.3893,0.0,NO,train_[tLXNNejKhJs]_chunk1.mp3,2026-08-22T16:23:20
0Sgxa6Zm8xs,Bheempalasi,182.4266,F♯3,181.8191,5.8,yes,train_[0Sgxa6Zm8xs]_chunk1.mp3,2026-08-22T16:23:43
4UovDhFblEs,Bheempalasi,164.3520,E3,80.0609,45.1,yes,train_[4UovDhFblEs]_chunk1.mp3,2026-08-22T16:24:36
4V9tuRuTlZs,Bheempalasi,116.6187,A♯2,231.7394,11.2,yes,train_[4V9tuRuTlZs]_chunk1.mp3,2026-08-22T16:25:14
GV5iXmlTyYE,Bheempalasi,233.7536,A♯3,466.1638,5.0,yes,train_[GV5iXmlTyYE]_chunk1.mp3,2026-08-22T16:25:32
Kk9to6Xk1K8,Bheempalasi,166.3089,E3,165.7685,5.6,yes,train_[Kk9to6Xk1K8]_chunk1.mp3,2026-08-22T16:26:11
Vfy_7Yce9U4,Bheempalasi,136.9860,C♯3,273.9989,-0.2,yes,train_[Vfy_7Yce9U4]_chunk1.mp3,2026-08-22T16:27:35
s2BS16lDoXI,Bheempalasi,152.5657,D♯3,305.7820,-3.7,yes,train_[s2BS16lDoXI]_chunk1.mp3,2026-08-22T16:27:55
tnzKppPRW4g,Bheempalasi,155.2277,D♯3,311.1270,-3.7,yes,train_[tnzKppPRW4g]_chunk1.mp3,2026-08-22T16:29:23
6NQ8FaBC5zI,Bhoopali,147.1192,D3,295.3660,-6.6,yes,train_[6NQ8FaBC5zI]_chunk1.mp3,2026-08-22T16:30:51
LZ8BJfU-7t8,Bhoopali,165.5629,E3,331.5371,-2.1,yes,train_[LZ8BJfU-7t8]_chunk1.mp3,2026-08-22T16:31:44
StR7c5yTZkw,Bhoopali,233.2714,A♯3,463.4789,11.4,yes,train_[StR7c5yTZkw]_chunk1.mp3,2026-08-22T16:32:07
Swxz9gzIdtY,Bhoopali,154.9498,D♯3,312.9293,-16.8,yes,train_[Swxz9gzIdtY]_chunk1.mp3,2026-08-22T16:32:32
WfKpt-_kLdA,Bhoopali,121.5204,B2,244.1053,-7.6,yes,test_[WfKpt-_kLdA]_chunk1.mp3,2026-08-22T16:32:53
bRuEg0dmbgI,Bhoopali,182.7865,F♯3,181.8191,9.2,yes,train_[bRuEg0dmbgI]_chunk1.mp3,2026-08-22T16:33:14
lqWJOJ-kzeQ,Bhoopali,146.8785,D3,293.6648,0.5,yes,train_[lqWJOJ-kzeQ]_chunk1.mp3,2026-08-22T16:33:51
oOjWM7td-gg,Bhoopali,147.7025,D3,297.0770,-9.8,yes,train_[oOjWM7td-gg]_chunk1.mp3,2026-08-22T16:34:17
0_ctoHxV4Ss,Bihag,147.8931,D3,297.0770,-7.5,yes,train_[0_ctoHxV4Ss]_chunk1.mp3,2026-08-22T16:34:49
1zNuemR7KeA,MaruBihag,117.1309,A♯2,237.1561,-21.3,yes,train_[1zNuemR7KeA]_chunk0.mp3,2026-08-22T16:35:24
33zQuIX5rsI,Bihag,232.4179,A♯3,235.7902,-24.9,yes,train_[33zQuIX5rsI]_chunk1.mp3,2026-08-22T16:35:57
9yKmsoFiHWc,Bihag,148.0372,D3,297.0770,-5.9,yes,train_[9yKmsoFiHWc]_chunk1.mp3,2026-08-22T16:36:19
D1k2UC9rKus,Bihag,167.0,D3,167.0,0.0,NO,train_[D1k2UC9rKus]_chunk1.mp3,2026-08-30T18:00:00
RHFHowqSijs,Bihag,123.5163,B2,493.8833,0.6,yes,train_[RHFHowqSijs]_chunk1.mp3,2026-08-22T16:37:17
WlKw2Z7aANA,Bihag,235.1006,A♯3,237.1561,-15.1,yes,test_[WlKw2Z7aANA]_chunk1.mp3,2026-08-22T16:37:55
ds0KJ7shCU0,Bihag,116.9508,A♯2,234.4321,-3.9,yes,train_[ds0KJ7shCU0]_chunk1.mp3,2026-08-22T16:38:38
gRQ8g97HbB8,Bihag,138.4505,C♯3,277.1826,-1.8,yes,train_[gRQ8g97HbB8]_chunk1.mp3,2026-08-22T16:38:59
iesHWl8aQj8,Bihag,156.1263,D♯3,311.1270,6.3,yes,train_[iesHWl8aQj8]_chunk1.mp3,2026-08-22T16:40:02
jsvm_3oqWe4,Bihag,143.2659,D3,282.0277,27.4,yes,train_[jsvm_3oqWe4]_chunk1.mp3,2026-08-22T16:40:32
kXz-DodPuu4,Bihag,168.1983,E3,333.4576,15.2,yes,train_[kXz-DodPuu4]_chunk1.mp3,2026-08-22T16:41:32
BTN61VCCQqo,Chandrakauns,166.3526,E3,335.3893,-13.9,yes,train_[BTN61VCCQqo]_chunk1.mp3,2026-08-22T16:41:57
C_VMnnrbV-c,Chandrakauns,244.6081,B3,248.3722,-26.4,yes,train_[C_VMnnrbV-c]_chunk1.mp3,2026-08-22T16:42:42
NCa48FYiK7g,Chandrakauns,130.1191,C3,260.1187,0.8,yes,train_[NCa48FYiK7g]_chunk1.mp3,2026-08-22T16:43:18
S1cRSCOVW7E,Chandrakauns,166.6272,E3,333.4576,-1.1,yes,train_[S1cRSCOVW7E]_chunk1.mp3,2026-08-22T16:43:57
YhSl69_G5Ws,Chandrakauns,122.8656,B2,251.2581,-38.5,yes,test_[YhSl69_G5Ws]_chunk1.mp3,2026-08-22T16:44:22
b-JMVb9qD24,Chandrakauns,241.2180,B3,246.9417,-40.6,yes,train_[b-JMVb9qD24]_chunk1.mp3,2026-08-22T16:44:53
g22BWgZ2cCE,Chandrakauns,138.2278,C♯3,275.5862,5.5,yes,train_[g22BWgZ2cCE]_chunk1.mp3,2026-08-22T16:45:17
h7NhgdTfu_c,Chandrakauns,289.1,D4,289.1,0.0,NO,train_[h7NhgdTfu_c]_chunk1.mp3,2026-08-30T18:00:00
urgaVeN4EO0,Chandrakauns,143.8915,D3,288.6198,-5.0,yes,train_[urgaVeN4EO0]_chunk1.mp3,2026-08-22T16:46:26
3A6uPGBCEdQ,Charukeshi,146.6803,D3,293.6648,-1.8,yes,test_[3A6uPGBCEdQ]_chunk1.mp3,2026-08-22T16:47:04
98FLpKeOtNA,Charukeshi,148.2735,D3,295.3660,6.9,yes,train_[98FLpKeOtNA]_chunk1.mp3,2026-08-22T16:48:40
WvFEkcgnLsU,Charukeshi,142.8527,D3,291.9734,-37.6,yes,train_[WvFEkcgnLsU]_chunk1.mp3,2026-08-22T16:49:07
X3GbWOegovU,Charukeshi,148.8751,D3,295.3660,13.9,yes,train_[X3GbWOegovU]_chunk1.mp3,2026-08-22T16:49:36
ZYeKRrB8o0E,Charukeshi,219.5592,A3,222.5563,-23.5,yes,train_[ZYeKRrB8o0E]_chunk1.mp3,2026-08-23T17:01:30
b8AmxixBF2Y,Charukeshi,146.7869,D3,293.6648,-0.5,yes,train_[b8AmxixBF2Y]_chunk1.mp3,2026-08-23T17:01:59
rexmH89dTUU,Charukeshi,147.1011,D3,293.6648,3.2,yes,train_[rexmH89dTUU]_chunk1.mp3,2026-08-23T17:02:29
3BVK1iJ2tEw,DarbariKanada,177.2585,F3,349.2282,26.0,yes,test_[3BVK1iJ2tEw]_chunk1.mp3,2026-08-23T17:02:58
9tHmbMWStuM,DarbariKanada,165.5533,E3,333.4576,-12.2,yes,train_[9tHmbMWStuM]_chunk1.mp3,2026-08-23T17:03:55
FbKY_if4s_s,DarbariKanada,146.5831,D3,295.3660,-12.9,yes,train_[FbKY_if4s_s]_chunk1.mp3,2026-08-23T17:04:22
IKNN8CIF_as,DarbariKanada,138.8658,C♯3,275.5862,13.4,yes,train_[IKNN8CIF_as]_chunk1.mp3,2026-08-23T17:04:39
LJgaxfjQBzc,DarbariKanada,135.5407,C♯3,272.4208,-8.5,yes,train_[LJgaxfjQBzc]_chunk1.mp3,2026-08-23T17:05:04
UJrKhIEQVM0,DarbariKanada,166.5282,E3,335.3893,-12.1,yes,train_[UJrKhIEQVM0]_chunk1.mp3,2026-08-23T17:05:48
w94FZZn1WR4,DarbariKanada,236.4344,A♯3,238.5299,-15.3,yes,train_[w94FZZn1WR4]_chunk1.mp3,2026-08-23T17:06:08
03GbLTPIFyQ,Des,136.3142,C♯3,275.5862,-18.7,yes,train_[03GbLTPIFyQ]_chunk1.mp3,2026-08-23T17:06:36
DVRJEb6iK6k,Des,147.9573,D3,296.2215,-1.8,yes,train_[DVRJEb6iK6k]_chunk1.mp3,2026-08-23T17:07:01
GA8PPBn_s_Q,Des,158.4298,D♯3,315.6537,6.6,yes,train_[GA8PPBn_s_Q]_chunk0.mp3,2026-08-23T17:07:26
H53-Ts0USg0,Des,137.7086,C♯3,277.1826,-11.1,yes,train_[H53-Ts0USg0]_chunk1.mp3,2026-08-23T17:07:52
H93FF_7dztg,Des,157.0488,D♯3,316.5654,-13.5,yes,train_[H93FF_7dztg]_chunk1.mp3,2026-08-23T17:08:14
OP1oSJjEMC4,Des,117.2353,A♯2,234.4321,0.3,yes,train_[OP1oSJjEMC4]_chunk1.mp3,2026-08-23T17:08:37
g7MbPaBVDc8,Des,147.5,D3,147.5,0.0,NO,test_[g7MbPaBVDc8]_chunk1.mp3,2026-08-30T18:00:00
kwgeiUq_FFc,Des,139.3942,C♯3,278.7883,0.0,NO,train_[kwgeiUq_FFc]_chunk1.mp3,2026-08-23T17:10:02
pKUd26_qqao,Des,137.8075,C♯3,278.7883,-19.8,yes,train_[pKUd26_qqao]_chunk1.mp3,2026-08-23T17:10:21
0vseJcm5xPE,Deshkar,146.8276,D3,295.3660,-10.1,yes,train_[0vseJcm5xPE]_chunk1.mp3,2026-08-23T17:14:01
2lThBm7ZM5k,Deshkar,140.0201,C♯3,278.7883,7.8,yes,train_[2lThBm7ZM5k]_chunk1.mp3,2026-08-23T17:14:18
7oQj5Qh5ScU,Deshkar,139.8775,C♯3,282.0277,-14.0,yes,train_[7oQj5Qh5ScU]_chunk1.mp3,2026-08-23T17:16:46
B2YT_CJEn2k,Deshkar,146.9581,D3,295.3660,-8.5,yes,test_[B2YT_CJEn2k]_chunk1.mp3,2026-08-23T17:17:11
E8CFmo7tRWA,Deshkar,155.9212,D♯3,314.7421,-16.0,yes,train_[E8CFmo7tRWA]_chunk1.mp3,2026-08-23T17:17:37
EoGQm63n8aM,Deshkar,147.7701,D3,298.7979,-19.0,yes,train_[EoGQm63n8aM]_chunk1.mp3,2026-08-23T17:18:17
KBOoBK4dqYQ,Deshkar,164.3048,E3,331.5371,-15.4,yes,train_[KBOoBK4dqYQ]_chunk1.mp3,2026-08-23T17:18:46
Toa6p6InnIE,Deshkar,148.0146,D3,298.7979,-16.1,yes,train_[Toa6p6InnIE]_chunk1.mp3,2026-08-23T17:19:09
XUKviIKymUU,Deshkar,147.8196,D3,297.0770,-8.4,yes,train_[XUKviIKymUU]_chunk1.mp3,2026-08-23T17:19:35
fBseB_nF7sY,Deshkar,116.5412,A♯2,460.8094,20.0,yes,train_[fBseB_nF7sY]_chunk1.mp3,2026-08-23T17:20:04
jzkZA9RL54U,Deshkar,164.7396,E3,331.5371,-10.8,yes,train_[jzkZA9RL54U]_chunk1.mp3,2026-08-23T17:20:26
k0LbPgp4Uck,Deshkar,146.2964,D3,295.3660,-16.3,yes,train_[k0LbPgp4Uck]_chunk1.mp3,2026-08-23T17:21:25
05MaWBpkNvE,Dhani,116.9690,A♯2,234.4321,-3.7,yes,train_[05MaWBpkNvE]_chunk1.mp3,2026-08-23T17:21:49
4S9mw4_cx-U,Dhani,166.4625,E3,333.4576,-2.8,yes,test_[4S9mw4_cx-U]_chunk1.mp3,2026-08-23T17:22:50
9rNHf8Zs8JQ,Dhani,227.5285,A♯3,229.0777,-11.7,yes,train_[9rNHf8Zs8JQ]_chunk1.mp3,2026-08-23T17:23:11
AesovzVskRc,Dhani,164.3762,E3,165.7685,-14.6,yes,train_[AesovzVskRc]_chunk1.mp3,2026-08-23T17:24:08
INxq0Z5optI,Dhani,231.9445,A♯3,233.0819,-8.5,yes,train_[INxq0Z5optI]_chunk1.mp3,2026-08-23T17:24:36
PKUO-nqbABg,Dhani,116.2019,A♯2,231.7394,5.0,yes,train_[PKUO-nqbABg]_chunk1.mp3,2026-08-23T17:25:36
RyEXd5m44MU,Dhani,167.1462,E3,335.3893,-5.7,yes,train_[RyEXd5m44MU]_chunk1.mp3,2026-08-23T17:26:03
VzoKlWVcGIg,Dhani,232.3595,A♯3,466.1638,-5.4,yes,train_[VzoKlWVcGIg]_chunk1.mp3,2026-08-23T17:26:29
Z7lf3uzTJr0,Dhani,106.2530,G♯2,212.5060,0.0,NO,train_[Z7lf3uzTJr0]_chunk1.mp3,2026-08-23T17:31:31
gbiNh5KJi8o,Dhani,108.4424,A2,432.4411,5.3,yes,train_[gbiNh5KJi8o]_chunk1.mp3,2026-08-23T17:31:52
ni74gPoGNsE,Dhani,139.8363,C♯3,280.4033,-4.5,yes,train_[ni74gPoGNsE]_chunk1.mp3,2026-08-23T17:32:15
tLYfXjPsPq4,Dhani,155.9604,D♯3,77.7817,4.4,yes,train_[tLYfXjPsPq4]_chunk1.mp3,2026-08-23T17:32:42
2kbe6lPKJyY,Durga,156.2083,D♯3,78.2323,-2.8,yes,train_[2kbe6lPKJyY]_chunk1.mp3,2026-08-23T17:33:08
BDWNXr-F5kI,Durga,233.2632,A♯3,463.4789,11.3,yes,train_[BDWNXr-F5kI]_chunk1.mp3,2026-08-23T17:33:28
K7H-ptuxlr8,Durga,157.8097,D♯3,314.7421,4.8,yes,train_[K7H-ptuxlr8]_chunk1.mp3,2026-08-23T17:34:36
LvTIqjHN_nI,Durga,146.3073,D3,293.6648,-6.2,yes,train_[LvTIqjHN_nI]_chunk1.mp3,2026-08-23T17:35:31
SnnCUIOM4dE,Durga,137.6279,C♯3,273.9989,7.9,yes,train_[SnnCUIOM4dE]_chunk1.mp3,2026-08-23T17:35:56
T0JwJMAIypQ,Durga,147.2653,D3,295.3660,-4.9,yes,train_[T0JwJMAIypQ]_chunk1.mp3,2026-08-23T17:36:20
Wk2aLDgmPkA,Durga,162.6340,E3,323.9648,7.0,yes,train_[Wk2aLDgmPkA]_chunk1.mp3,2026-08-23T17:36:45
rTEHQJ5ld6E,Durga,147.1368,D3,288.6198,33.6,yes,train_[rTEHQJ5ld6E]_chunk1.mp3,2026-08-23T17:37:12
u3UlsCTv7aE,Durga,166.9651,E3,333.4576,2.5,yes,test_[u3UlsCTv7aE]_chunk1.mp3,2026-08-23T17:37:35
wvkQweUvkQI,Durga,167.1498,E3,333.4576,4.4,yes,train_[wvkQweUvkQI]_chunk1.mp3,2026-08-23T17:38:23
AqvgV-7DwC8,Hameer,107.0431,A2,214.9752,-7.2,yes,train_[AqvgV-7DwC8]_chunk1.mp3,2026-08-23T22:13:45
IVDB31uocTs,Hameer,113.0405,A2,222.5563,27.2,yes,train_[IVDB31uocTs]_chunk1.mp3,2026-08-23T22:14:03
_lnLC0x5vIE,Hameer,109.8849,A2,222.5563,-21.8,yes,train_[_lnLC0x5vIE]_chunk1.mp3,2026-08-23T22:14:33
yEMFA82tMv8,Hameer,156.7893,D♯3,311.1270,13.6,yes,train_[yEMFA82tMv8]_chunk1.mp3,2026-08-23T22:14:54
061_wWqkG5Y,HansDhwani,119.2650,A♯2,238.5299,0.0,NO,test_[061_wWqkG5Y]_chunk1.mp3,2026-08-23T22:16:00
Fjx0yOolD9Q,HansDhwani,168.4352,E3,166.7288,17.6,yes,train_[Fjx0yOolD9Q]_chunk1.mp3,2026-08-23T22:16:56
MRRXNVoaw3c,HansDhwani,131.4950,C3,260.1187,19.0,yes,train_[MRRXNVoaw3c]_chunk1.mp3,2026-08-23T22:17:09
WxDJsMQCSzQ,HansDhwani,147.2606,D3,291.9734,15.0,yes,train_[WxDJsMQCSzQ]_chunk1.mp3,2026-08-23T22:18:21
_tWVxtWtKnA,HansDhwani,146.2377,D3,293.6648,-7.0,yes,train_[_tWVxtWtKnA]_chunk1.mp3,2026-08-23T22:18:38
gjBV27Ia5pw,HansDhwani,140.6056,C♯3,285.3047,-25.0,yes,train_[gjBV27Ia5pw]_chunk1.mp3,2026-08-23T22:19:12
vWSHlPnq99U,HansDhwani,116.0135,A♯2,234.4321,-17.9,yes,train_[vWSHlPnq99U]_chunk1.mp3,2026-08-23T22:19:39
ACPlFRC4GeA,Hindol,132.6214,C3,269.2918,-26.2,yes,train_[ACPlFRC4GeA]_chunk1.mp3,2026-08-23T22:22:12
AmpUY_YbQAc,Hindol,121.1075,B2,245.5194,-23.5,yes,train_[AmpUY_YbQAc]_chunk1.mp3,2026-08-23T22:22:45
Bb3gcwWYlhU,Hindol,146.5126,D3,291.9734,6.2,yes,train_[Bb3gcwWYlhU]_chunk1.mp3,2026-08-23T22:23:01
He5cexarbyM,Hindol,146.2317,D3,291.1326,7.9,yes,train_[He5cexarbyM]_chunk1.mp3,2026-08-23T22:23:20
ZPq_t2p4q7Y,Hindol,165.2724,E3,329.6276,4.8,yes,train_[ZPq_t2p4q7Y]_chunk1.mp3,2026-08-23T22:23:40
a4wFpPa9KeY,Hindol,141.0172,C♯3,286.9575,-30.0,yes,test_[a4wFpPa9KeY]_chunk1.mp3,2026-08-23T22:24:41
kcm9TmlUJhk,Hindol,146.8147,D3,291.9734,9.8,yes,train_[kcm9TmlUJhk]_chunk1.mp3,2026-08-23T22:25:01
3i97Vmpe0bA,Jaijaivanti,156.9289,D♯3,316.5654,-14.9,yes,train_[3i97Vmpe0bA]_chunk1.mp3,2026-08-23T22:26:56
DQ_Yb1IFXZM,Jaijaivanti,145.1459,D3,290.2917,0.0,NO,train_[DQ_Yb1IFXZM]_chunk1.mp3,2026-08-23T22:29:25
Ii3ZKKV5FEw,Jaijaivanti,131.3307,C3,263.1411,-3.2,yes,train_[Ii3ZKKV5FEw]_chunk1.mp3,2026-08-23T22:29:41
LFL2QU19_Hg,Jaijaivanti,126.0214,B2,252.7136,-4.6,yes,train_[LFL2QU19_Hg]_chunk1.mp3,2026-08-23T22:30:01
McsXyiKIToo,Jaijaivanti,126.0711,B2,254.1776,-13.9,yes,train_[McsXyiKIToo]_chunk1.mp3,2026-08-23T22:30:28
X-O-aKH_vNQ,Jaijaivanti,232.1193,A♯3,234.4321,-17.2,yes,train_[X-O-aKH_vNQ]_chunk1.mp3,2026-08-23T22:31:30
_pDO9QwyM-w,Jaijaivanti,147.0283,D3,296.2215,-12.7,yes,train_[_pDO9QwyM-w]_chunk1.mp3,2026-08-23T22:31:59
bmTVpnGbML8,Jaijaivanti,141.3492,C♯3,291.9734,-55.9,yes,train_[bmTVpnGbML8]_chunk1.mp3,2026-08-23T22:32:28
jFRUQaUEuSs,Jaijaivanti,155.0167,D♯3,311.1270,-6.1,yes,test_[jFRUQaUEuSs]_chunk1.mp3,2026-08-23T22:32:54
kE2sRsfA43s,Jaijaivanti,142.1406,C♯3,283.6615,3.8,yes,train_[kE2sRsfA43s]_chunk1.mp3,2026-08-23T22:33:22
-4Kx_UwbUwg,Jog,156.1261,D♯3,316.5654,-23.8,yes,train_[-4Kx_UwbUwg]_chunk1.mp3,2026-08-23T22:34:05
EFvX7R_CHKk,Jog,167.2420,E3,335.3893,-4.7,yes,train_[EFvX7R_CHKk]_chunk1.mp3,2026-08-23T22:35:05
Uy2sC5jRgtc,Jog,233.0819,A♯3,233.0819,0.0,NO,train_[Uy2sC5jRgtc]_chunk1.mp3,2026-08-23T22:35:58
Z-pojkYurPs,Jog,146.5051,D3,293.6648,-3.9,yes,train_[Z-pojkYurPs]_chunk1.mp3,2026-08-23T22:36:17
iOfK_Nlnaj0,Jog,162.0598,E3,325.8415,-9.2,yes,test_[iOfK_Nlnaj0]_chunk1.mp3,2026-08-23T22:36:39
l9v1LaIZfys,Jog,139.3384,C♯3,280.4033,-10.7,yes,train_[l9v1LaIZfys]_chunk1.mp3,2026-08-23T22:37:21
w-HjuopkVnc,Jog,164.9707,E3,329.6276,1.6,yes,train_[w-HjuopkVnc]_chunk1.mp3,2026-08-23T22:37:43
5WKd7zXf1wg,Kafi,156.0656,D♯3,316.5654,-24.4,yes,train_[5WKd7zXf1wg]_chunk1.mp3,2026-08-23T22:37:57
DFqqyzKUmjs,Kafi,155.2250,D♯3,314.7421,-23.8,yes,train_[DFqqyzKUmjs]_chunk1.mp3,2026-08-23T22:38:27
PdBnw8lfK8A,Kafi,146.9152,D3,293.6648,1.0,yes,train_[PdBnw8lfK8A]_chunk1.mp3,2026-08-23T22:38:48
UheTkqItlok,Kafi,138.8784,C♯3,280.4033,-16.4,yes,train_[UheTkqItlok]_chunk1.mp3,2026-08-23T22:39:12
Xk_6jvStXSA,Kafi,138.8796,C♯3,280.4033,-16.4,yes,train_[Xk_6jvStXSA]_chunk1.mp3,2026-08-23T22:39:52
ZQ32rD4qxJk,Kafi,139.7100,C♯3,280.4033,-6.1,yes,train_[ZQ32rD4qxJk]_chunk1.mp3,2026-08-23T22:40:22
cYtARn9x0NI,Kafi,161.9894,E3,162.9207,-9.9,yes,train_[cYtARn9x0NI]_chunk1.mp3,2026-08-23T22:40:41
kH7WSVsZLvY,Kafi,147.0712,D3,293.6648,2.8,yes,test_[kH7WSVsZLvY]_chunk1.mp3,2026-08-23T22:41:15
0RLuKYn-HFs,Kalawati,136.0065,C♯3,280.4033,-52.6,yes,test_[0RLuKYn-HFs]_chunk1.mp3,2026-08-23T22:41:42
QAto04kp90M,Kalawati,109.7973,A2,220.0000,-3.2,yes,train_[QAto04kp90M]_chunk1.mp3,2026-08-23T22:41:58
Um_VJ3I1jKc,Kalawati,147.4743,D3,297.0770,-12.4,yes,train_[Um_VJ3I1jKc]_chunk1.mp3,2026-08-23T22:42:43
i8W-2qwV2Bw,Kalawati,147.1949,D3,295.3660,-5.7,yes,train_[i8W-2qwV2Bw]_chunk1.mp3,2026-08-23T22:43:44
LZeIrHA0fDQ,KaushikDhwani,165.2256,E3,329.6276,4.3,yes,train_[LZeIrHA0fDQ]_chunk1.mp3,2026-08-23T22:44:35
Ly_cmNymHx4,KaushikDhwani,146.4893,D3,293.6648,-4.0,yes,train_[Ly_cmNymHx4]_chunk1.mp3,2026-08-23T22:44:57
ZA2zHAaNj0Y,KaushikDhwani,119.2650,A♯2,238.5299,0.0,NO,train_[ZA2zHAaNj0Y]_chunk1.mp3,2026-08-23T22:45:44
esXNFKn_fzU,KaushikDhwani,138.2904,C♯3,277.1826,-3.8,yes,train_[esXNFKn_fzU]_chunk1.mp3,2026-08-23T22:46:03
iu3r1jCjTtw,KaushikDhwani,138.6593,C♯3,282.0277,-29.2,yes,test_[iu3r1jCjTtw]_chunk1.mp3,2026-08-23T22:46:19
pmeCZns8dWA,KaushikDhwani,234.4321,A♯3,234.4321,0.0,NO,train_[pmeCZns8dWA]_chunk1.mp3,2026-08-23T22:47:28
vaU6gmVSWR4,KaushikDhwani,164.7217,E3,327.7290,9.0,yes,train_[vaU6gmVSWR4]_chunk1.mp3,2026-08-23T22:47:48
-yybypGYOdU,Kedar,116.3120,A♯2,235.7902,-23.4,yes,train_[-yybypGYOdU]_chunk1.mp3,2026-08-23T22:48:23
H6teBFimj1g,Kedar,155.1090,D♯3,311.1270,-5.1,yes,test_[H6teBFimj1g]_chunk1.mp3,2026-08-23T22:48:46
P3S3E_qxqEg,Kedar,147.5841,D3,297.0770,-11.2,yes,train_[P3S3E_qxqEg]_chunk1.mp3,2026-08-23T22:49:12
XxF-FB0hijA,Kedar,166.5489,E3,331.5371,8.1,yes,train_[XxF-FB0hijA]_chunk1.mp3,2026-08-23T22:50:25
fkXxgnREbPY,Kedar,232.7999,A♯3,234.4321,-12.1,yes,train_[fkXxgnREbPY]_chunk1.mp3,2026-08-23T22:50:39
hNn2tBohjxE,Kedar,146.9961,D3,297.0770,-18.1,yes,train_[hNn2tBohjxE]_chunk1.mp3,2026-08-23T22:51:07
iErLWp8u3S0,Kedar,155.1017,D♯3,309.3350,4.9,yes,train_[iErLWp8u3S0]_chunk1.mp3,2026-08-23T22:51:28
l-CUA-O40dI,Kedar,146.9122,D3,298.7979,-29.1,yes,train_[l-CUA-O40dI]_chunk1.mp3,2026-08-23T22:52:05
pDMpMJpcYxc,Kedar,133.3391,C3,263.1411,23.1,yes,train_[pDMpMJpcYxc]_chunk1.mp3,2026-08-23T22:52:37
71W_qyRs6Jw,Keerwani,138.5636,C♯3,277.1826,-0.3,yes,train_[71W_qyRs6Jw]_chunk1.mp3,2026-08-23T22:52:54
9eGTNqMIVpY,Keerwani,136.9995,C♯3,273.9989,0.0,NO,train_[9eGTNqMIVpY]_chunk1.mp3,2026-08-23T22:54:04
ZDnZhRNI-ic,Keerwani,110.5959,A2,225.1423,-30.6,yes,train_[ZDnZhRNI-ic]_chunk1.mp3,2026-08-23T22:55:44
xvWXCKygxJQ,Keerwani,221.9071,A3,442.5489,4.9,yes,train_[xvWXCKygxJQ]_chunk1.mp3,2026-08-23T22:56:58
6VQlawpPjnM,Khamaj,156.8392,D♯3,316.5654,-15.9,yes,train_[6VQlawpPjnM]_chunk1.mp3,2026-08-23T22:57:17
7kEBHSxALRQ,Khamaj,167.4515,E3,335.3893,-2.5,yes,train_[7kEBHSxALRQ]_chunk1.mp3,2026-08-23T22:57:31
BX2ugczrNKI,Khamaj,117.1063,A♯2,234.4321,-1.6,yes,test_[BX2ugczrNKI]_chunk1.mp3,2026-08-23T22:57:48
MtrCE-U_R10,Khamaj,139.2507,C♯3,278.7883,-1.8,yes,train_[MtrCE-U_R10]_chunk1.mp3,2026-08-23T22:58:08
S18t5iaNT-4,Khamaj,138.3802,C♯3,277.1826,-2.6,yes,train_[S18t5iaNT-4]_chunk1.mp3,2026-08-23T22:58:24
eGTVyNka3H0,Khamaj,143.4125,D3,283.6615,19.2,yes,train_[eGTVyNka3H0]_chunk1.mp3,2026-08-23T22:59:11
jZtlczq3yEs,Khamaj,142.2122,C♯3,285.3047,-5.4,yes,train_[jZtlczq3yEs]_chunk1.mp3,2026-08-23T23:00:06
kxaXJJZ3tCE,Khamaj,136.8815,C♯3,278.7883,-31.5,yes,train_[kxaXJJZ3tCE]_chunk1.mp3,2026-08-23T23:00:58
0xb3rorA4Wo,Lalit,143.4787,D3,286.9575,0.0,NO,train_[0xb3rorA4Wo]_chunk1.mp3,2026-08-23T23:02:22
1AYckL0Qx1Q,Lalit,189.1007,F♯3,385.2612,-32.0,yes,train_[1AYckL0Qx1Q]_chunk1.mp3,2026-08-23T23:02:43
GDxVV60_RcU,Lalit,144.4676,D3,288.6198,1.9,yes,train_[GDxVV60_RcU]_chunk1.mp3,2026-08-23T23:03:02
NAc1yRhmoPs,Lalit,149.3990,D3,298.7979,0.0,NO,train_[NAc1yRhmoPs]_chunk1.mp3,2026-08-23T23:04:44
SGcwv941UY8,Lalit,147.6637,D3,302.2698,-40.2,yes,test_[SGcwv941UY8]_chunk1.mp3,2026-08-23T23:08:25
W4p_lZa4OHs,Lalit,141.9164,C♯3,293.6648,-59.0,yes,train_[W4p_lZa4OHs]_chunk1.mp3,2026-08-23T23:09:07
W8R--A38sxk,Lalit,146.5833,D3,300.5289,-42.9,yes,train_[W8R--A38sxk]_chunk1.mp3,2026-08-23T23:09:50
Xdy2gufZoFU,Lalit,145.9867,D3,291.9734,0.0,NO,train_[Xdy2gufZoFU]_chunk1.mp3,2026-08-23T23:10:38
hJ8dQge_OJY,Lalit,135.8163,C♯3,273.9989,-15.0,yes,train_[hJ8dQge_OJY]_chunk1.mp3,2026-08-23T23:11:05
smYksULTb4I,Lalit,169.3814,E3,339.2864,-2.7,yes,train_[smYksULTb4I]_chunk1.mp3,2026-08-23T23:11:50
0LaVj8XibHU,Madhukauns,164.8556,E3,331.5371,-9.6,yes,train_[0LaVj8XibHU]_chunk1.mp3,2026-08-23T23:12:14
0WXxKXfzwlc,Madhukauns,146.2108,D3,291.9734,2.7,yes,train_[0WXxKXfzwlc]_chunk1.mp3,2026-08-25T18:10:37
CVPpaK8nUnI,Madhukauns,145.1211,D3,295.3660,-30.3,yes,train_[CVPpaK8nUnI]_chunk1.mp3,2026-08-25T18:11:04
KlxTnbFROks,Madhukauns,133.1505,C3,267.7408,-9.3,yes,train_[KlxTnbFROks]_chunk1.mp3,2026-08-25T18:11:34
UiIESugmOCI,Madhukauns,164.5,E3,164.5,0.0,NO,train_[UiIESugmOCI]_chunk1.mp3,2026-08-30T18:00:00
nHGNpBTapFk,Madhukauns,138.1343,C♯3,275.5862,4.3,yes,train_[nHGNpBTapFk]_chunk1.mp3,2026-08-25T18:12:55
pZMzLk2XFWE,Madhukauns,109.0463,A2,437.4658,-5.1,yes,train_[pZMzLk2XFWE]_chunk1.mp3,2026-08-25T18:13:15
rlFNYhNNAE0,Madhukauns,164.0966,E3,164.8138,-7.5,yes,train_[rlFNYhNNAE0]_chunk1.mp3,2026-08-25T18:13:38
91FUcZs3_Gs,Madhuvanti,148.8408,D3,298.7979,-6.5,yes,train_[91FUcZs3_Gs]_chunk1.mp3,2026-08-25T18:14:03
JfXxDLXytqk,Madhuvanti,110.4059,A2,222.5563,-13.6,yes,train_[JfXxDLXytqk]_chunk1.mp3,2026-08-25T18:15:18
OCS8S8jdJWw,Madhuvanti,234.7237,A♯3,233.0819,12.2,yes,train_[OCS8S8jdJWw]_chunk1.mp3,2026-08-25T18:16:16
UNySlg3dewg,Madhuvanti,232.6208,A♯3,233.0819,-3.4,yes,train_[UNySlg3dewg]_chunk1.mp3,2026-08-25T18:16:42
XqsL5q9cHMQ,Madhuvanti,129.3146,C3,258.6205,0.1,yes,test_[XqsL5q9cHMQ]_chunk1.mp3,2026-08-25T18:16:56
a7g1cluM1Mk,Madhuvanti,146.8714,D3,290.2917,20.5,yes,train_[a7g1cluM1Mk]_chunk1.mp3,2026-08-25T18:17:52
fWYOBv0iUko,Madhuvanti,232.8739,A♯3,233.0819,-1.5,yes,train_[fWYOBv0iUko]_chunk1.mp3,2026-08-25T18:18:39
nMo351735os,Madhuvanti,166.8357,E3,337.3322,-18.9,yes,train_[nMo351735os]_chunk1.mp3,2026-08-25T18:19:03
rTJbBYlFQRo,Madhuvanti,116.6855,A♯2,235.7902,-17.9,yes,train_[rTJbBYlFQRo]_chunk1.mp3,2026-08-25T18:19:28
uB8txmJ1xUo,Madhuvanti,154.4308,D♯3,305.7820,17.3,yes,train_[uB8txmJ1xUo]_chunk1.mp3,2026-08-25T18:19:57
vgwqFbC-boQ,Madhuvanti,147.7163,D3,291.9734,20.4,yes,train_[vgwqFbC-boQ]_chunk1.mp3,2026-08-25T18:20:22
81undkurwc8,Malhar,156.0743,D♯3,309.3350,15.7,yes,train_[81undkurwc8]_chunk1.mp3,2026-08-25T18:20:45
IyqWi5oPpJs,Malhar,166.0239,E3,329.6276,12.7,yes,train_[IyqWi5oPpJs]_chunk1.mp3,2026-08-25T18:21:24
N9X75HWT79g,Malhar,146.7668,D3,302.2698,-50.8,yes,train_[N9X75HWT79g]_chunk1.mp3,2026-08-25T18:21:49
RqwE6K8Dy-g,Malhar,154.8430,D♯3,312.9293,-18.0,yes,test_[RqwE6K8Dy-g]_chunk1.mp3,2026-08-25T18:22:20
eA2_S9Pyds4,Malhar,116.4112,A♯2,231.7394,8.1,yes,train_[eA2_S9Pyds4]_chunk1.mp3,2026-08-25T18:24:01
joxB9QNW918,Malhar,116.6498,A♯2,235.7902,-18.4,yes,train_[joxB9QNW918]_chunk1.mp3,2026-08-25T18:24:58
mUI_eTmZpEI,Malhar,155.8263,D♯3,314.7421,-17.1,yes,train_[mUI_eTmZpEI]_chunk1.mp3,2026-08-25T18:26:39
mtVmpXk5ir4,Malhar,140.8044,C♯3,282.0277,-2.6,yes,train_[mtVmpXk5ir4]_chunk1.mp3,2026-08-25T18:26:58
4DQZkKgACeA,Malkauns,147.1523,D3,293.6648,3.8,yes,train_[4DQZkKgACeA]_chunk1.mp3,2026-08-25T18:29:23
9TqCqkTmn8o,Malkauns,167.0378,E3,335.3893,-6.8,yes,test_[9TqCqkTmn8o]_chunk1.mp3,2026-08-25T18:30:05
HTXm4asuA4s,Malkauns,166.7688,E3,84.3331,-19.6,yes,train_[HTXm4asuA4s]_chunk1.mp3,2026-08-25T18:30:29
LTFMaLfEmEk,Malkauns,164.3159,E3,331.5371,-15.2,yes,train_[LTFMaLfEmEk]_chunk1.mp3,2026-08-25T18:31:04
VPnftPyRQDo,Malkauns,116.9534,A♯2,234.4321,-3.9,yes,train_[VPnftPyRQDo]_chunk1.mp3,2026-08-25T18:32:06
c1j0EsO-MgE,Malkauns,146.2377,D3,291.9734,3.0,yes,train_[c1j0EsO-MgE]_chunk1.mp3,2026-08-25T18:32:31
g8Su1mShMKc,Malkauns,155.7725,D♯3,309.3350,12.3,yes,train_[g8Su1mShMKc]_chunk1.mp3,2026-08-25T18:32:59
ivUt1A4kb58,Malkauns,163.85,E3,163.85,0.0,NO,train_[ivUt1A4kb58]_chunk1.mp3,2026-08-30T18:00:00
ssO9fHiDJrg,Malkauns,146.9569,D3,295.3660,-8.5,yes,train_[ssO9fHiDJrg]_chunk1.mp3,2026-08-25T18:34:24
u10S3f-p3Wk,Malkauns,137.4894,C♯3,278.7883,-23.8,yes,train_[u10S3f-p3Wk]_chunk1.mp3,2026-08-25T18:34:44
xGBsWT5199U,Malkauns,130.6036,C3,264.6655,-22.8,yes,train_[xGBsWT5199U]_chunk1.mp3,2026-08-25T18:35:35
1XCHYKashvY,MaruBihag,232.4211,A♯3,233.0819,-4.9,yes,train_[1XCHYKashvY]_chunk1.mp3,2026-08-25T18:36:33
C7CaMnJY3WI,MaruBihag,116.4817,A♯2,231.7394,9.1,yes,test_[C7CaMnJY3WI]_chunk1.mp3,2026-08-25T18:37:20
JMIwVD2Hfk8,MaruBihag,147.2293,D3,293.6648,4.7,yes,train_[JMIwVD2Hfk8]_chunk1.mp3,2026-08-25T18:38:15
P86AdY-2es4,MaruBihag,104.7573,G♯2,210.0652,-4.5,yes,train_[P86AdY-2es4]_chunk1.mp3,2026-08-25T18:38:38
RJr_ENAsCMg,MaruBihag,138.3098,C♯3,278.7883,-13.5,yes,train_[RJr_ENAsCMg]_chunk1.mp3,2026-08-25T18:39:16
SopMB5_UgKA,MaruBihag,156.6577,D♯3,309.3350,22.1,yes,train_[SopMB5_UgKA]_chunk1.mp3,2026-08-25T18:39:41
wcDkpwuDxcI,MaruBihag,146.6771,D3,295.3660,-11.8,yes,train_[wcDkpwuDxcI]_chunk1.mp3,2026-08-25T18:40:06
e9ltBRwVZEA,Madhukauns,158.8268,D♯3,155.5635,35.9,yes,train_[e9ltBRwVZEA]_chunk1.mp3,2026-08-26T09:54:44
051cKPUmGIs,Marwa,166.6927,E3,331.5371,9.6,yes,train_[051cKPUmGIs]_chunk1.mp3,2026-08-26T09:57:23
U6TXJXZgSu0,Marwa,138.7072,C♯3,272.4208,31.4,yes,train_[U6TXJXZgSu0]_chunk1.mp3,2026-08-26T10:01:26
k7wEa1NnJ7s,Marwa,233.2209,A♯3,234.4321,-9.0,yes,train_[k7wEa1NnJ7s]_chunk1.mp3,2026-08-26T10:01:54
6NIxbswJ4lw,Marwa,141.83,C♯3,141.83,0.0,NO,train_[6NIxbswJ4lw]_chunk0.mp3,2026-08-26T12:00:00
BtBG9CinJzU,Marwa,136.21,C3,136.21,0.0,NO,train_[BtBG9CinJzU]_chunk0.mp3,2026-08-26T12:00:01
nieORT40gzc,Marwa,145.145,D3,145.145,0.0,NO,train_[nieORT40gzc]_chunk0.mp3,2026-08-26T12:00:02
1hWAOReJehw,Multani,231.3370,A♯3,234.4321,-23.0,yes,train_[1hWAOReJehw]_chunk1.mp3,2026-08-26T10:04:39
7y4P5BfXT_0,Multani,115.7001,A♯2,237.1561,-42.5,yes,train_[7y4P5BfXT_0]_chunk1.mp3,2026-08-26T10:05:14
HWukj_DQ8W8,Multani,165.2701,E3,327.7290,14.8,yes,train_[HWukj_DQ8W8]_chunk1.mp3,2026-08-26T10:05:48
NbUnt-UPhrM,Multani,138.4513,C♯3,275.5862,8.3,yes,train_[NbUnt-UPhrM]_chunk1.mp3,2026-08-26T10:06:10
f5JARal8cL4,Multani,143.0236,D3,283.6615,14.5,yes,train_[f5JARal8cL4]_chunk1.mp3,2026-08-26T10:07:01
fB9gMVtDFKs,Multani,135.8693,C♯3,272.4208,-4.3,yes,test_[fB9gMVtDFKs]_chunk1.mp3,2026-08-26T10:07:21
mvl0pOjzHXk,Multani,167.6947,E3,335.3893,0.0,NO,train_[mvl0pOjzHXk]_chunk1.mp3,2026-08-26T10:09:32
04TT9pJF-Fs,Pilu,155.2272,D♯3,309.3350,6.3,yes,train_[04TT9pJF-Fs]_chunk1.mp3,2026-08-26T10:10:54
6XxlF7MRaaw,Pilu,139.9390,C♯3,280.4033,-3.2,yes,train_[6XxlF7MRaaw]_chunk1.mp3,2026-08-26T10:11:53
KZ3giG2OdDM,Pilu,145.8037,D3,288.6198,17.8,yes,train_[KZ3giG2OdDM]_chunk1.mp3,2026-08-26T10:13:34
PGtndYRaZCM,Pilu,100.9805,G♯2,202.9096,-8.1,yes,train_[PGtndYRaZCM]_chunk1.mp3,2026-08-26T10:15:59
tIC9MSf0O_c,Pilu,119.2799,A♯2,239.9117,-9.8,yes,train_[tIC9MSf0O_c]_chunk1.mp3,2026-08-26T10:28:24
0VB7jujlb5o,PuriyaDhanashri,135.5815,C♯3,270.8518,2.0,yes,train_[0VB7jujlb5o]_chunk1.mp3,2026-08-26T15:22:26
8-QwyuM8wvg,PuriyaDhanashri,150.2930,D3,297.0770,20.3,yes,test_[8-QwyuM8wvg]_chunk1.mp3,2026-08-26T15:22:48
9X3vjQXx7xw,PuriyaDhanashri,116.4161,A♯2,235.7902,-21.9,yes,train_[9X3vjQXx7xw]_chunk1.mp3,2026-08-26T15:23:03
GOdO8EKn-rs,PuriyaDhanashri,146.9726,D3,291.9734,11.7,yes,train_[GOdO8EKn-rs]_chunk1.mp3,2026-08-26T15:24:14
KP6Sz7Gxwtg,PuriyaDhanashri,124.1269,B2,246.9417,9.2,yes,train_[KP6Sz7Gxwtg]_chunk1.mp3,2026-08-26T15:27:54
jPIl2G88w_A,PuriyaDhanashri,137.4043,C♯3,275.5862,-4.9,yes,train_[jPIl2G88w_A]_chunk1.mp3,2026-08-26T15:31:10
weCnFtHhPWo,PuriyaDhanashri,151.1268,D3,300.5289,9.9,yes,train_[weCnFtHhPWo]_chunk1.mp3,2026-08-26T15:31:32
6RDsEr4gqUY,PuriyaKalyan,131.1759,C3,263.1411,-5.2,yes,train_[6RDsEr4gqUY]_chunk1.mp3,2026-08-26T15:31:50
8ilYTjiSE20,PuriyaKalyan,140.9116,C♯3,280.4033,8.7,yes,train_[8ilYTjiSE20]_chunk1.mp3,2026-08-26T15:32:08
FzyM_b5m3ls,PuriyaKalyan,140.1725,C♯3,283.6615,-20.4,yes,train_[FzyM_b5m3ls]_chunk1.mp3,2026-08-26T15:32:33
WhuzYxmaPlc,PuriyaKalyan,164.2374,E3,323.9648,23.9,yes,train_[WhuzYxmaPlc]_chunk1.mp3,2026-08-26T15:33:52
Xi3xlZyCqQQ,PuriyaKalyan,163.5869,E3,323.9648,17.1,yes,train_[Xi3xlZyCqQQ]_chunk1.mp3,2026-08-26T15:34:16
ZCBWNVmeOYQ,PuriyaKalyan,140.9988,C♯3,283.6615,-10.2,yes,test_[ZCBWNVmeOYQ]_chunk1.mp3,2026-08-26T15:35:04
dibjZ3L5-V0,PuriyaKalyan,155.3665,D♯3,314.7421,-22.2,yes,train_[dibjZ3L5-V0]_chunk1.mp3,2026-08-26T15:36:26
lpn7Og0DTDE,PuriyaKalyan,146.8415,D3,293.6648,0.1,yes,train_[lpn7Og0DTDE]_chunk1.mp3,2026-08-26T15:36:48
13_Mbm_zrhg,Sarang,163.6874,E3,327.7290,-1.9,yes,train_[13_Mbm_zrhg]_chunk1.mp3,2026-08-26T15:37:12
C3V4xxcjff4,Sarang,139.5168,C♯3,278.7883,1.5,yes,test_[C3V4xxcjff4]_chunk1.mp3,2026-08-26T15:37:48
DeXbKNqbz9Y,Sarang,142.8716,D3,286.9575,-7.3,yes,train_[DeXbKNqbz9Y]_chunk1.mp3,2026-08-26T15:38:11
EiV4GQFAtKY,Sarang,156.2308,D♯3,311.1270,7.4,yes,train_[EiV4GQFAtKY]_chunk1.mp3,2026-08-26T15:39:01
LwPIdZTKzI4,Sarang,116.0309,A♯2,460.8094,12.4,yes,train_[LwPIdZTKzI4]_chunk1.mp3,2026-08-26T15:39:18
QcZkikGEORI,Sarang,107.3948,A2,214.9752,-1.5,yes,train_[QcZkikGEORI]_chunk1.mp3,2026-08-26T15:39:36
RJsTwD34peQ,Sarang,155.2952,D♯3,311.1270,-3.0,yes,train_[RJsTwD34peQ]_chunk1.mp3,2026-08-26T15:39:54
TaQKy-gTHtM,Sarang,167.9747,E3,339.2864,-17.1,yes,train_[TaQKy-gTHtM]_chunk1.mp3,2026-08-26T15:40:42
ZuXu2ugjAB8,Sarang,146.3944,D3,291.9734,4.8,yes,train_[ZuXu2ugjAB8]_chunk1.mp3,2026-08-26T15:40:59
l_EeA2Ft__Q,Sarang,167.4458,E3,84.3331,-12.6,yes,train_[l_EeA2Ft__Q]_chunk1.mp3,2026-08-26T15:41:51
vgOWStoD0YA,Sarang,164.7513,E3,331.5371,-10.7,yes,train_[vgOWStoD0YA]_chunk1.mp3,2026-08-26T15:43:04
0Z0oyD-MGpA,Shankara,120.0298,B2,241.3015,-8.9,yes,train_[0Z0oyD-MGpA]_chunk1.mp3,2026-08-26T15:43:37
3QcNaNZyTDY,Shankara,109.7473,A2,221.2744,-14.0,yes,train_[3QcNaNZyTDY]_chunk1.mp3,2026-08-26T15:43:58
AuReo6U0Rbk,Shankara,160.9705,E3,325.8415,-20.8,yes,train_[AuReo6U0Rbk]_chunk1.mp3,2026-08-26T15:44:31
FtmlebCHC_o,Shankara,130.6936,C3,262.3834,-6.6,yes,train_[FtmlebCHC_o]_chunk1.mp3,2026-08-26T15:44:48
Gf96sPfHitw,Shankara,138.0136,C♯3,277.1826,-7.2,yes,train_[Gf96sPfHitw]_chunk1.mp3,2026-08-26T15:45:06
SIjGNm0EbHw,Shankara,138.7665,C♯3,278.7883,-7.8,yes,train_[SIjGNm0EbHw]_chunk1.mp3,2026-08-26T15:45:25
Una-nQlddfY,Shankara,156.5243,D♯3,311.1270,10.7,yes,train_[Una-nQlddfY]_chunk1.mp3,2026-08-26T15:45:57
V53jSZxaFsI,Shankara,243.2470,B3,491.0387,-16.1,yes,train_[V53jSZxaFsI]_chunk1.mp3,2026-08-26T15:46:09
W1q_rh1d-Mw,Shankara,153.8817,D♯3,314.7421,-38.8,yes,train_[W1q_rh1d-Mw]_chunk1.mp3,2026-08-26T15:46:41
Wp_WJFi-YdE,Shankara,220.6893,A3,440.0000,5.4,yes,train_[Wp_WJFi-YdE]_chunk1.mp3,2026-08-26T15:47:03
jbm9BBvqdak,Shankara,143.1775,D3,286.9575,-3.6,yes,train_[jbm9BBvqdak]_chunk1.mp3,2026-08-26T15:47:28
mdwEZIHs-Vo,Shankara,147.2124,D3,291.9734,14.5,yes,train_[mdwEZIHs-Vo]_chunk1.mp3,2026-08-26T15:48:21
mswFzDuRzhA,Shankara,151.4254,D♯3,300.5289,13.3,yes,train_[mswFzDuRzhA]_chunk1.mp3,2026-08-26T15:48:40
oJYkFY07aAQ,Shankara,163.7043,E3,325.8415,8.3,yes,test_[oJYkFY07aAQ]_chunk1.mp3,2026-08-26T15:49:06
vtsmtZYtQTs,Shankara,140.9260,C♯3,280.4033,8.9,yes,train_[vtsmtZYtQTs]_chunk1.mp3,2026-08-26T15:49:50
1KJ8bn5k008,Shivranjani,147.0439,D3,295.3660,-7.5,yes,train_[1KJ8bn5k008]_chunk1.mp3,2026-08-26T15:50:37
4cJGELPdwW0,Shivranjani,116.6552,A♯2,460.8094,21.7,yes,train_[4cJGELPdwW0]_chunk1.mp3,2026-08-26T15:51:26
XYXxITTiFFc,Shivranjani,116.1642,A♯2,233.0819,-5.6,yes,train_[XYXxITTiFFc]_chunk1.mp3,2026-08-26T15:52:04
a6DP039bw4g,Shivranjani,164.2204,E3,327.7290,3.8,yes,train_[a6DP039bw4g]_chunk1.mp3,2026-08-26T15:52:24
dCbzWOHhtrI,Shivranjani,163.5,E3,163.5,0.0,NO,test_[dCbzWOHhtrI]_chunk1.mp3,2026-08-30T18:00:00
lPKLFJxrQVc,Shivranjani,169.5404,E3,335.3893,19.0,yes,train_[lPKLFJxrQVc]_chunk1.mp3,2026-08-26T15:55:02
1EcRrZvc52o,Shree,104.7866,G♯2,210.0652,-4.1,yes,train_[1EcRrZvc52o]_chunk1.mp3,2026-08-26T15:55:43
8xKjNTc8MGI,Shree,220.4044,A3,221.2744,-6.8,yes,train_[8xKjNTc8MGI]_chunk1.mp3,2026-08-26T15:56:01
E_U0VI5ePVM,Shree,146.6303,D3,295.3660,-12.4,yes,test_[E_U0VI5ePVM]_chunk1.mp3,2026-08-26T15:56:48
GM3CVRpZlNI,Shree,147.3408,D3,293.6648,6.0,yes,train_[GM3CVRpZlNI]_chunk1.mp3,2026-08-26T15:57:20
Nh9dUYUgf8Y,Shree,165.8281,E3,329.6276,10.6,yes,train_[Nh9dUYUgf8Y]_chunk1.mp3,2026-08-26T15:59:24
SCjQC_Bwwdw,Shree,130.2263,C3,260.1187,2.2,yes,train_[SCjQC_Bwwdw]_chunk1.mp3,2026-08-26T16:00:10
Ub1m8mVxvT0,Shree,164.1286,E3,323.9648,22.8,yes,train_[Ub1m8mVxvT0]_chunk1.mp3,2026-08-26T16:00:40
YyJuFUz-kro,Shree,158.8457,D♯3,325.8415,-43.9,yes,train_[YyJuFUz-kro]_chunk1.mp3,2026-08-26T16:01:50
cPwiWDJa9OA,Shree,156.4165,D♯3,312.9293,-0.5,yes,train_[cPwiWDJa9OA]_chunk1.mp3,2026-08-26T16:02:09
pj--WoH0bow,Shree,183.3603,F♯3,180.7719,24.6,yes,train_[pj--WoH0bow]_chunk1.mp3,2026-08-26T16:03:24
-AV3k1_nY9E,Sohani,141.5317,C♯3,288.6198,-33.7,yes,train_[-AV3k1_nY9E]_chunk1.mp3,2026-08-26T16:04:13
197RTHAEheI,Sohani,155.0578,D♯3,307.5534,14.4,yes,train_[197RTHAEheI]_chunk1.mp3,2026-08-26T16:04:32
QncQ-b1suyc,Sohani,147.1807,D3,293.6648,4.1,yes,train_[QncQ-b1suyc]_chunk1.mp3,2026-08-26T16:05:07
ZtlL4icOuk4,Sohani,144.3714,D3,295.3660,-39.3,yes,test_[ZtlL4icOuk4]_chunk1.mp3,2026-08-26T16:05:38
eDNuF9Q-5T0,Sohani,116.1220,A♯2,460.8094,13.8,yes,train_[eDNuF9Q-5T0]_chunk1.mp3,2026-08-26T16:07:18
gXDJieprIjQ,Sohani,174.3094,F3,351.2513,-13.0,yes,train_[gXDJieprIjQ]_chunk1.mp3,2026-08-26T16:07:53
k28g--FH9qY,Sohani,149.9937,D3,300.5289,-3.1,yes,train_[k28g--FH9qY]_chunk1.mp3,2026-08-26T16:08:15
qsERm_kGpLc,Sohani,145.1990,D3,293.6648,-19.4,yes,train_[qsERm_kGpLc]_chunk1.mp3,2026-08-26T16:08:34
uAkYPsuoorE,Sohani,167.3520,E3,333.4576,6.5,yes,train_[uAkYPsuoorE]_chunk1.mp3,2026-08-26T16:08:49
vrktPyrexTA,Sohani,114.8674,A♯2,458.1553,5.0,yes,train_[vrktPyrexTA]_chunk1.mp3,2026-08-26T16:09:07
JtoMZwMtpe4,TilakKamod,139.9633,C♯3,283.6615,-22.9,yes,train_[JtoMZwMtpe4]_chunk1.mp3,2026-08-26T16:09:48
R6NamznNgHk,TilakKamod,157.9461,D♯3,318.3992,-13.7,yes,train_[R6NamznNgHk]_chunk1.mp3,2026-08-26T16:10:07
T5bE1Du-G2s,TilakKamod,130.5359,C3,260.1187,6.3,yes,train_[T5bE1Du-G2s]_chunk1.mp3,2026-08-26T16:10:31
XYWRymdhSGE,TilakKamod,146.2310,D3,293.6648,-7.1,yes,test_[XYWRymdhSGE]_chunk1.mp3,2026-08-26T16:10:50
cWpwuDYkcfQ,TilakKamod,123.4791,B2,248.3722,-9.9,yes,train_[cWpwuDYkcfQ]_chunk1.mp3,2026-08-26T16:11:06
BzngdVcH_OA,Tilang,138.8488,C♯3,282.0277,-26.8,yes,test_[BzngdVcH_OA]_chunk1.mp3,2026-08-26T16:11:50
OXOh4xiZYo4,Tilang,155.5635,D♯3,311.1270,0.0,NO,train_[OXOh4xiZYo4]_chunk1.mp3,2026-08-26T16:13:39
b_G1MlI_0Ko,Tilang,120.1473,B2,244.1053,-27.2,yes,train_[b_G1MlI_0Ko]_chunk1.mp3,2026-08-26T16:14:12
hD9Z0YdRZvg,Tilang,147.1507,D3,295.3660,-6.3,yes,train_[hD9Z0YdRZvg]_chunk1.mp3,2026-08-26T16:14:28
tZdWFwO1scU,Tilang,139.5943,C♯3,283.6615,-27.5,yes,train_[tZdWFwO1scU]_chunk1.mp3,2026-08-26T16:15:15
CG4hbwjzBkw,Todi,236.6116,A♯3,237.1561,-4.0,yes,train_[CG4hbwjzBkw]_chunk1.mp3,2026-08-26T16:15:35
KnjuVDo-OmI,Todi,140.5318,C♯3,285.3047,-25.9,yes,train_[KnjuVDo-OmI]_chunk1.mp3,2026-08-26T16:16:29
OymmnXqW-mM,Todi,139.9583,C♯3,282.0277,-13.0,yes,train_[OymmnXqW-mM]_chunk1.mp3,2026-08-26T16:19:35
urNuE1s_XYs,Todi,138.9495,C♯3,277.1826,4.5,yes,test_[urNuE1s_XYs]_chunk1.mp3,2026-08-26T16:19:54
wLbGCayGSqs,Todi,139.9147,C♯3,280.4033,-3.5,yes,train_[wLbGCayGSqs]_chunk1.mp3,2026-08-26T16:21:45
wLtrMEAIsPw,Todi,117.5511,A♯2,234.4321,4.9,yes,train_[wLtrMEAIsPw]_chunk1.mp3,2026-08-26T16:24:31
ybSdS6x5A-w,Todi,234.7940,A♯3,234.4321,2.7,yes,train_[ybSdS6x5A-w]_chunk1.mp3,2026-08-26T16:24:47
bxI-gMlmf-E,PuriyaDhanashri,145.145,D3,145.145,0.0,NO,train_[bxI-gMlmf-E]_chunk0.mp3,2026-08-26T16:30:00
9MqDMRx4Szc,Vibhas,115.4938,A♯2,231.7394,-5.6,yes,test_[9MqDMRx4Szc]_chunk1.mp3,2026-08-28T08:47:28
9b3pNcR5b0Y,Vibhas,155.3459,D♯3,307.5534,17.6,yes,train_[9b3pNcR5b0Y]_chunk1.mp3,2026-08-28T08:47:45
EqTNRii6LRA,Vibhas,104.3875,G♯2,209.4602,-5.7,yes,train_[EqTNRii6LRA]_chunk1.mp3,2026-08-28T08:48:00
Lhmnt3Y50dQ,Vibhas,155.8595,D♯3,309.3350,13.3,yes,train_[Lhmnt3Y50dQ]_chunk1.mp3,2026-08-28T08:49:49
S5f1NPXtttc,Vibhas,117.4019,A♯2,234.4321,2.7,yes,train_[S5f1NPXtttc]_chunk1.mp3,2026-08-28T08:50:54
UO3FZgiq2Ac,Vibhas,118.1452,A♯2,233.0819,23.7,yes,train_[UO3FZgiq2Ac]_chunk1.mp3,2026-08-28T08:51:16
YAt6jW8QvJE,Vibhas,139.6501,C♯3,280.4033,-6.8,yes,train_[YAt6jW8QvJE]_chunk1.mp3,2026-08-28T08:51:38
pFJswD5JJWc,Vibhas,141.3284,C♯3,277.1826,33.9,yes,train_[pFJswD5JJWc]_chunk1.mp3,2026-08-28T08:52:06
s79GHecQT1g,Vibhas,164.9036,E3,331.5371,-9.1,yes,train_[s79GHecQT1g]_chunk1.mp3,2026-08-28T08:52:32
0suZMP8FE9Y,Yaman,153.3682,D♯3,309.3350,-14.6,yes,test_[0suZMP8FE9Y]_chunk1.mp3,2026-08-28T08:52:53
25f1u2nOALg,Yaman,150.7031,D3,302.2698,-5.0,yes,train_[25f1u2nOALg]_chunk1.mp3,2026-08-28T08:53:27
3kBuDppKJMQ,Yaman,164.6378,E3,327.7290,8.2,yes,train_[3kBuDppKJMQ]_chunk1.mp3,2026-08-28T08:53:50
9SewGyRKgDY,Yaman,165.5921,E3,331.5371,-1.8,yes,train_[9SewGyRKgDY]_chunk1.mp3,2026-08-28T08:54:14
AIsJS1hLtLE,Yaman,153.3455,D♯3,309.3350,-14.9,yes,train_[AIsJS1hLtLE]_chunk1.mp3,2026-08-28T08:54:36
e8aG2xNEcNs,Yaman,233.2026,A♯3,234.4321,-9.1,yes,train_[e8aG2xNEcNs]_chunk1.mp3,2026-08-28T08:54:56
ggfebQ-5-UE,Yaman,145.9867,D3,291.9734,0.0,NO,train_[ggfebQ-5-UE]_chunk1.mp3,2026-08-28T08:55:43
oSEuCJSnu94,Yaman,147.1212,D3,291.9734,13.4,yes,train_[oSEuCJSnu94]_chunk1.mp3,2026-08-28T08:56:06
wBoogwYb-Ls,AlhaiyaBilawal,103.2101,G♯2,415.3047,-10.3,yes,test_[wBoogwYb-Ls]_chunk1.mp3,2026-08-28T13:26:05
W8lfX_5MC34,Bheempalasi,110.1581,A2,218.7329,12.5,yes,test_[W8lfX_5MC34]_chunk1.mp3,2026-08-28T13:26:29
Q6O5KrywLVo,Hameer,138.0472,C♯3,277.1826,-6.8,yes,test_[Q6O5KrywLVo]_chunk1.mp3,2026-08-28T13:26:50
VAYEYJc67WA,Keerwani,240.5036,B3,241.3015,-5.7,yes,test_[VAYEYJc67WA]_chunk1.mp3,2026-08-28T13:27:37
puouAH3b5x8,Madhukauns,164.9228,E3,329.6276,1.1,yes,test_[puouAH3b5x8]_chunk1.mp3,2026-08-28T13:27:58
b4axavWSFoo,Pilu,145.6177,D3,286.9575,25.6,yes,test_[b4axavWSFoo]_chunk1.mp3,2026-08-28T13:29:01
O0flo5ink8k,Bhairav,142.5070,C♯3,285.3047,-1.8,yes,test_[O0flo5ink8k]_chunk1.mp3,2026-08-28T13:52:42
